Type,Length,Depth,Kg
tuna,55.46,13.24093011,8.631268147
tuna,72.07,17.67134552,19.28899561
tuna,62.84,15.63536654,13.14056063
tuna,72.79,18.4408411,19.66909807
tuna,76.63,19.13748802,23.02179712
tuna,61.31,14.87011731,12.01289771
tuna,73.56,18.33441397,21.76379864
tuna,65.88,16.43683083,14.39828934
tuna,63.03,15.3907273,13.24624368
tuna,71.92,17.84425088,19.42457941
tuna,75.72,18.56139509,21.31757131
tuna,64.79,15.58031728,14.00734349
tuna,51.63,12.50321254,6.989896398
tuna,56.79,14.21717365,9.761098203
tuna,74.04,18.10808322,21.72256272
tuna,73.39,17.61827277,20.69286633
tuna,80.67,19.61120976,27.06153211
tuna,79.09,18.97457826,25.16175963
tuna,75.66,19.04633371,23.34537853
tuna,63.3,15.07733329,12.36046795
tuna,63.73,15.64749274,12.93573219
tuna,59.77,14.55980273,11.14109938
tuna,65.43,15.98972229,14.99594904
tuna,69.5,16.98701585,17.17970245
tuna,62.42,15.29756429,12.5380666
tuna,70.17,16.68283517,17.40915407
tuna,72.14,17.65903605,18.94971335
tuna,64.57,15.8163633,14.2859381
tuna,68.66,17.21203139,17.09561057
tuna,88.94,21.78358391,35.23780997
tuna,71.51,17.35119392,18.75041592
tuna,69.77,16.84396226,16.97528129
tuna,60.82,14.74295434,12.17027981
tuna,80.99,19.51598205,28.37674802
tuna,78.31,18.67220568,24.81688049
tuna,68.91,16.32852911,16.49838197
tuna,59.24,14.17258481,10.14126819
tuna,72.64,17.64726081,19.14084675
tuna,72.11,17.56036333,19.2613466
tuna,68.88,16.54089298,15.70660766
tuna,72.96,18.54333356,20.29473715
tuna,66.29,16.54088499,15.10949187
tuna,72.66,17.38709804,19.78943229
tuna,61.35,14.50403886,11.41336946
tuna,66.42,15.99879333,14.72356031
tuna,68.96,17.30549282,16.76691452
tuna,68.42,16.76316589,15.99049423
tuna,69.48,17.27563433,17.17189452
tuna,73.18,17.8381921,19.65026347
tuna,74.27,18.4018345,21.30326997
tuna,59.1,14.23160305,9.926827626
tuna,83.66,20.15183865,30.34878457
tuna,57.46,14.3521302,9.842621662
tuna,74.47,17.96554492,22.24635371
tuna,67.67,15.92077877,15.70043501
tuna,80.19,18.97021194,26.27713162
tuna,69.17,16.90267439,18.26329621
tuna,75.06,17.86510951,22.44898594
tuna,82.96,20.33843508,29.8039531
tuna,71.11,17.68506227,19.17936862
tuna,68.25,16.18631121,16.78751828
tuna,83.81,20.04684532,29.09204432
tuna,70.54,17.20185253,19.18638175
tuna,65.82,15.99887032,14.76019993
tuna,71.93,17.28316567,18.88533584
tuna,68.79,16.42507544,16.04709601
tuna,80.83,19.78344102,26.09862577
tuna,70.49,17.19665738,17.26628213
tuna,74.03,18.32196331,21.98361213
tuna,56.37,14.01494706,9.191623588
tuna,70.15,16.84338066,17.50068881
tuna,71.38,17.56077934,19.22173513
tuna,65.03,15.90487251,14.44800652
tuna,79.18,19.20129967,24.04721957
tuna,57.02,13.6701491,9.313542667
tuna,73.67,17.52825937,18.68820384
tuna,69.13,16.86425954,16.57607817
tuna,63.65,15.37403568,13.75177577
tuna,66.19,15.67791824,15.21513389
tuna,66.19,16.72088022,15.29832546
tuna,79.12,19.67153793,26.6740328
tuna,67.88,16.40815277,15.37591577
tuna,65.17,15.27782488,13.64969864
tuna,54.55,13.17973876,8.042774331
tuna,66.06,15.6051584,14.35815381
tuna,63.99,15.76450675,13.90062149
tuna,69.77,16.51926468,17.06669962
tuna,70.76,17.50719847,17.92604212
tuna,67.47,16.2575908,15.41978036
tuna,78.3,19.11188517,24.88199025
tuna,79.92,19.37263828,25.41764002
tuna,57.24,13.84967158,9.757416731
tuna,69.58,16.48900863,16.50099707
tuna,67.15,16.21371353,15.44274784
tuna,66.45,16.02642527,14.25121174
tuna,72.64,18.34876865,20.16424551
tuna,74.61,18.38486457,21.49187012
tuna,70.03,16.78143858,17.68137054
tuna,71.58,18.19927501,20.62510289
tuna,69.65,17.05838679,17.34131934
tuna,62.35,15.57428735,12.01397992
tuna,73.62,17.78941194,20.7743326
tuna,68.15,16.65094331,16.99138395
tuna,77.74,18.50609036,23.33775291
tuna,70.88,17.74345118,18.22502101
tuna,78.3,19.79950239,25.28145616
tuna,67.58,16.32999255,15.47541297
tuna,67.37,16.63589216,16.45786359
tuna,79.48,19.42925726,25.96806044
tuna,66.07,15.9331178,14.56618527
tuna,69.88,17.00676153,17.98148912
tuna,66.47,16.3887138,15.67359176
tuna,70.2,17.39739149,18.53081293
tuna,76.43,18.10293403,20.9748835
tuna,78.63,19.07563634,24.09211006
tuna,70.4,16.93979835,17.56407938
tuna,68.69,16.86206347,17.06205271
tuna,59.41,15.12684495,11.27411299
tuna,84.93,20.81874806,30.62042449
tuna,73.54,17.6729909,19.04196456
tuna,61.55,14.8289678,12.50102917
tuna,70.36,17.25801321,18.3725269
tuna,67.44,16.20139005,15.36274605
tuna,66.08,15.80925594,13.7102132
tuna,74.47,17.93102615,21.14985788
tuna,65.84,15.45307917,14.3497247
tuna,61.8,15.14070178,11.85416617
tuna,68.5,16.73683084,16.44596283
tuna,70.77,16.93544313,17.92811063
tuna,65.34,15.26822144,13.71790894
tuna,69.74,16.81441201,18.31243046
tuna,55.68,13.46619552,8.981991709
tuna,75.04,18.6396325,22.50067477
tuna,66.57,16.92991718,16.24032067
tuna,67.4,16.82731957,16.1315136
tuna,75.82,18.37937787,21.80883668
tuna,74.79,18.04294813,21.69241648
tuna,68.18,16.81320004,16.15183938
tuna,67.54,16.39834915,14.64928341
tuna,68.81,16.8311174,17.70796438
tuna,73.31,18.05600398,20.64588236
tuna,77.1,19.03542053,23.01889765
tuna,66.72,15.85981746,15.42165342
tuna,76.31,18.38082972,22.87647446
tuna,70.14,16.45639268,16.57463297
tuna,68.87,17.06352309,17.21992639
tuna,58.29,14.36672482,10.06205412
tuna,72.04,17.55475601,19.40974762
tuna,60.37,14.75385548,11.17890043
tuna,54.73,13.41425894,8.235302182
tuna,58.51,13.98791036,10.67713239
tuna,71.51,17.47506994,18.01790629
tuna,76.53,18.7388565,22.47183577
tuna,76.62,19.37950813,25.80000365
tuna,76.45,18.2874601,22.39921374
tuna,71.19,17.68669157,19.2919118
tuna,66.47,16.5198526,15.02466073
tuna,70.07,16.69520865,17.81626484
tuna,74.15,18.02036041,20.31044988
tuna,67.61,16.89651553,15.43626318
tuna,73.09,17.5176439,18.05347501
tuna,64.93,16.39084816,14.3708789
tuna,65.81,16.02755825,14.88438763
tuna,57.19,13.44416047,9.219016577
tuna,61.72,15.60353923,12.88624515
tuna,66.34,16.76186206,15.61622209
tuna,54.48,13.27297995,8.066292644
tuna,77.13,17.912919,22.80925982
tuna,84.15,20.77677411,30.92603823
tuna,66.12,16.19540153,15.50514844
tuna,74.3,17.74517132,20.13100748
tuna,76.62,18.47170562,22.80972247
tuna,76.43,18.67116621,23.91508159
tuna,79.6,19.87573511,27.6613636
tuna,80.65,20.32105519,27.96652579
tuna,63.44,15.38486058,12.35047446
tuna,79.9,18.80366225,25.01610437
tuna,71.43,17.58982162,18.62098631
tuna,67.73,16.32652253,16.29769153
tuna,75.01,18.02074076,20.95974169
tuna,68.63,16.95317503,16.87391975
tuna,61.44,14.72420481,11.92198459
tuna,69.08,16.62570719,17.17768364
tuna,77.39,19.10904212,24.80885124
tuna,73.7,18.02585768,21.18950659
tuna,76.67,18.62454536,22.72406759
tuna,77.91,19.2980403,24.51148947
tuna,67.86,16.70867706,17.50933616
tuna,76.1,18.87877443,24.00370301
tuna,64.57,16.28689349,14.3760366
tuna,73.77,18.18093662,19.68788959
tuna,79.97,19.66548164,26.00634362
tuna,69.22,16.60278767,17.25727723
tuna,68.37,17.15080993,16.83092169
tuna,83.86,20.87340122,32.55600932
tuna,67.51,16.31899606,15.62887944
tuna,70.6,17.40498591,18.89592973
tuna,65.05,15.56605268,13.99040303
tuna,76.31,19.10070014,24.25829524
tuna,70.29,17.3764741,18.46654143
tuna,58.25,14.11876551,9.6086211
tuna,64.36,16.13441397,13.57903627
tuna,66.23,16.24039154,15.04674002
tuna,67.36,16.55018768,15.99179426
tuna,75.92,18.79637607,23.46162204
tuna,61.06,14.72877063,11.27086884
tuna,61.3,15.12845951,12.15873082
tuna,77.15,18.43907284,23.21000351
tuna,75.65,18.74495241,22.21164741
tuna,68.5,16.16232184,15.85180228
tuna,73.98,17.87117843,19.66766802
tuna,56.72,14.2886583,9.350860639
tuna,64.76,15.97432987,14.57587743
tuna,63.89,15.40326893,13.29289185
tuna,62.05,14.95774769,12.48413253
tuna,67.72,16.39882157,15.51436315
tuna,66.98,16.62222462,16.43978722
tuna,65.77,15.94738926,14.35762105
tuna,73.65,17.37599363,19.69728538
tuna,65.96,16.51688327,14.85209751
tuna,72.61,17.75929391,20.22131214
tuna,74.18,17.34772007,20.10726389
tuna,74.87,18.30493928,21.93008433
tuna,65.23,15.95222546,14.44989298
tuna,64.54,15.44736023,13.39113304
tuna,80.62,18.94324935,25.94008108
tuna,78.32,19.35917519,24.95906095
tuna,69.6,16.63621706,18.27523848
tuna,65.13,15.8734961,13.65721785
tuna,75.16,18.14538106,21.15543226
tuna,65.53,15.48740694,13.69818572
tuna,74.89,18.15677804,22.88033444
tuna,64.53,15.85766312,14.01461532
tuna,65.16,15.65516424,13.48792031
tuna,76.01,18.57700274,22.8192183
tuna,67.07,16.44831824,16.00114091
tuna,69.96,17.36892437,17.6311346
tuna,53.56,13.43183774,7.923603116
tuna,63.29,15.59735624,12.9268929
tuna,73.68,17.92659621,20.28054835
tuna,76.72,17.8281587,22.88300755
tuna,54.09,12.94930841,7.740245431
tuna,77.39,18.08520807,23.10541849
tuna,70.3,17.04982084,17.74943274
tuna,59.39,15.15760703,10.86398989
tuna,65.24,15.33561505,14.02393673
tuna,58.59,14.31480988,10.42251096
tuna,73.28,17.90960872,19.87962478
tuna,74.28,18.33722627,20.52267984
tuna,64.32,15.76817646,13.78134798
tuna,76.61,18.84277348,23.95881946
tuna,52.56,13.34232863,7.323539423
tuna,79.97,19.14190732,25.8990731
tuna,57.55,14.25241001,10.20743302
tuna,69.74,16.84543917,16.20304333
tuna,71.12,16.84008624,17.26338311
tuna,78.43,19.34729401,24.89503487
tuna,73.16,17.08431991,19.3058227
tuna,70.29,17.45832689,19.10567915
tuna,78.79,19.07531123,26.07160589
tuna,75.28,18.95388167,22.29890945
tuna,64.51,16.0294241,13.82629919
tuna,54.79,13.56871686,8.494072324
tuna,67.44,16.85484532,16.29452818
tuna,71.61,17.77601233,19.07320149
tuna,63.27,15.30804124,12.51187728
tuna,75.04,18.11165806,20.04147858
tuna,66.09,16.36377505,15.69691633
tuna,54.77,13.14406343,8.379038567
tuna,74.1,17.83590756,21.3498342
tuna,67.7,16.31660285,15.94543449
tuna,68.14,16.8224059,16.09066409
tuna,83.08,21.10810264,31.70608273
tuna,69.73,17.11443862,17.83685293
tuna,75.02,18.57312275,22.6256079
tuna,69.65,17.18803049,17.82614381
tuna,68.22,17.28443816,16.72053799
tuna,70.05,17.62843854,17.55936549
tuna,72.82,17.49029858,20.52036234
tuna,75.75,19.32685561,20.76101913
tuna,70.47,17.25382247,18.45969223
tuna,73.76,17.82418521,20.9357452
tuna,62.5,15.12047844,12.4243016
tuna,74.5,18.60136802,21.35385489
tuna,68.79,16.62427267,16.59975437
tuna,77.29,18.95108047,23.53065702
tuna,70.04,16.99501714,17.24862611
tuna,60.87,14.45060872,10.86413457
tuna,67.31,16.53814865,16.00905054
tuna,61.63,14.93452106,12.24933829
tuna,73.67,17.92374233,19.03352009
tuna,77.39,18.59321957,23.36021826
tuna,64.65,15.38538892,14.46430812
tuna,76.69,18.1184131,22.71267235
tuna,76.3,18.2768051,21.47550774
tuna,64.68,16.60665197,13.99726979
tuna,59.16,14.16317167,10.52411382
tuna,73.12,18.40166399,20.9954183
tuna,63.94,15.57192239,13.57339239
tuna,67.06,16.47295888,16.09708787
tuna,75.51,18.39251113,22.29067801
tuna,65,15.76151518,13.90366562
tuna,73.89,18.42430151,22.19689912
tuna,68.56,15.97735269,16.1106888
tuna,74.49,18.07696934,21.90417438
tuna,78.57,19.47866858,24.67592091
tuna,75.2,18.97868883,22.05342832
tuna,75.97,18.55187496,21.97120675
tuna,71.2,17.62542247,17.80220155
tuna,67.37,16.63394436,15.11188841
tuna,64.47,15.55678404,13.49177295
tuna,62.51,15.08497947,12.35275535
tuna,56.87,13.27633543,8.712020867
tuna,77.88,18.19996073,24.23356713
tuna,65,15.83461725,14.18231802
tuna,55.93,13.92542862,8.96347296
tuna,55.67,13.67000918,9.097464997
tuna,73.57,17.91024826,21.86124224
tuna,75.11,18.22806516,21.65038434
tuna,69.83,17.38272468,17.94157805
tuna,68.32,16.34671229,16.34867115
tuna,76.54,19.06093072,22.90931642
tuna,79.9,19.86647901,25.70756279
tuna,67.39,16.47985401,15.9701491
tuna,68.97,17.00928547,16.66232906
tuna,50.1,12.39043996,6.430514625
tuna,69.08,17.04582758,17.02755926
tuna,76.16,19.11227807,25.10228754
tuna,78.39,18.55990948,23.40956399
tuna,58.68,14.24225625,10.10820903
tuna,74.01,18.1323254,20.67506011
tuna,66.68,16.00012427,14.55394056
tuna,73.62,17.86389917,19.61018317
tuna,76.55,18.41868015,22.80636717
tuna,71.41,16.81655488,18.29100932
tuna,75.29,18.7846256,21.6694279
tuna,60.51,14.9213303,11.55701819
tuna,79.94,19.965259,26.81555306
tuna,67.26,16.24684017,15.63458012
tuna,83.74,20.29386031,30.40957994
tuna,67.29,16.17255957,15.82427818
tuna,63.39,15.3923499,13.22522766
tuna,62.09,14.76001053,12.64892081
tuna,75.82,18.78031643,22.1828884
tuna,80.37,19.95514501,26.59803512
tuna,67.37,16.43740584,15.75255859
tuna,74.51,18.27004177,21.31972869
tuna,67.9,16.63168748,16.13747978
tuna,68.75,16.41835737,16.31515769
tuna,60.13,14.85195103,11.70752596
tuna,82.44,19.91800323,29.14840226
tuna,73.82,17.67335711,18.9697191
tuna,67.2,17.12687882,15.94224085
tuna,74.97,18.79931649,23.79735111
tuna,78.92,19.32423655,24.84079949
tuna,59.03,14.01292995,10.17544772
tuna,73.87,17.56661153,20.75525234
tuna,74.74,18.20886723,20.94249586
tuna,67.68,16.17231739,15.26145285
tuna,66.92,16.24195734,15.6563384
tuna,78.64,19.28649908,24.66358319
tuna,64.92,15.94176057,14.42553294
tuna,70.49,17.14027887,18.76588675
tuna,74.67,18.78422019,21.08790289
tuna,88.32,20.90633458,33.40214455
tuna,58.85,14.17411481,10.94238627
tuna,64.25,15.86856773,13.86061655
tuna,60.61,15.34853007,11.77697029
tuna,71.17,17.25735192,18.36970533
tuna,67.07,16.62581956,15.56204393
tuna,70.47,17.41299648,17.51432702
tuna,74.11,18.25424386,22.58348719
tuna,70.85,17.22658521,17.61385162
tuna,76.11,18.30552649,22.91362768
tuna,60.83,14.90699147,12.22783665
tuna,77.77,19.2119294,23.19104173
tuna,68.64,16.92947725,17.31710011
tuna,67.83,16.68617548,16.18939092
tuna,73.45,17.34587412,20.65808647
tuna,67.34,16.91502569,16.98128884
tuna,67.73,16.04628385,15.77575877
tuna,88.49,21.71922262,35.95894504
tuna,64.92,16.53108518,14.80065041
tuna,72.96,17.44867008,20.33402623
tuna,69.28,17.23318653,16.63176185
tuna,61.96,15.22704034,12.55716579
tuna,76.76,18.58577363,23.55333712
tuna,79.03,19.26048277,25.61048597
tuna,71.54,17.13840102,18.83751291
tuna,84.53,20.07110975,28.38221634
tuna,70.04,16.71358788,17.7665203
tuna,78.54,18.87080899,23.50874482
tuna,79.83,19.90559674,27.91361007
tuna,70.06,17.20974652,16.93456628
tuna,62.7,15.47371888,12.87679835
tuna,69.04,16.06702334,16.9895581
tuna,63.91,15.87615481,13.63155389
tuna,70.27,17.48685073,18.4007373
tuna,69.62,17.02574586,18.07839218
tuna,70.48,16.75058266,17.91638799
tuna,82.4,19.90058763,29.4458728
tuna,75.38,18.58031455,22.31338326
tuna,66.62,16.19906865,15.17306395
tuna,60.99,14.75077214,11.83680552
tuna,72.92,18.00313231,19.61375135
tuna,77.97,19.35714726,24.55340258
tuna,85.51,21.05326314,30.99711741
tuna,67.29,16.58537114,15.55601926
tuna,72.54,17.97522059,20.04739446
tuna,73.34,17.38571119,19.36561048
tuna,73.17,17.98506078,21.07290597
tuna,71.55,17.43982062,18.25450215
tuna,79.22,19.61781383,24.93478257
tuna,65.86,15.98361427,14.27814084
tuna,69.11,16.49867692,16.84672058
tuna,67.96,16.85472184,15.85560386
tuna,79.03,18.27997604,23.87943608
tuna,58.68,14.37135743,9.642161281
tuna,67.61,16.68477022,15.27140286
tuna,65.57,16.267049,15.17453292
tuna,73.3,17.76501997,19.6919241
tuna,73.25,17.97872296,20.20612397
tuna,73.62,17.89984115,20.99235506
tuna,73.19,17.82932404,21.13962267
tuna,59.94,14.59610422,10.51385775
tuna,70.88,17.16454784,17.43946704
tuna,60.8,14.72844851,11.3164043
tuna,69.22,16.97175987,17.48239543
tuna,80.43,19.68351961,25.19085005
tuna,82.69,20.37616901,30.33384074
tuna,64.4,15.42887381,13.82751298
tuna,72.06,17.88500047,19.82996294
tuna,84.58,20.71190834,30.80258074
tuna,59,14.73266613,11.41872715
tuna,61.49,15.14125788,11.98744066
tuna,71.05,17.26252818,18.67723243
tuna,78.51,19.02833404,25.00676003
tuna,77.91,18.81164282,24.1905631
tuna,69.34,17.47548706,16.28694908
tuna,84.2,20.24621057,30.93815054
tuna,48.91,11.81044891,6.029060846
tuna,67.55,16.45466727,16.40651628
tuna,51.94,12.62397656,6.902434777
tuna,75.18,18.33106859,21.24988604
tuna,70.82,17.00564124,18.26574765
tuna,66.45,16.41852585,15.27341586
tuna,81.4,19.88073977,28.24332818
tuna,67.96,16.83749094,15.8971875
tuna,67.67,16.24326621,16.64473022
tuna,76.87,18.91444281,22.57502947
tuna,68.86,17.08037595,17.15000082
tuna,63.95,15.37205622,13.60228464
tuna,67.12,16.30314909,14.93447278
tuna,64.32,15.8220467,13.30557449
tuna,68.24,17.19047596,17.14964256
tuna,63.58,15.78022618,13.58048754
tuna,73.15,17.22412112,19.59539975
tuna,68.09,16.53076095,15.55409155
tuna,63.94,15.73104382,13.34860329
tuna,75.19,17.80043703,20.3215979
tuna,73.76,17.76136998,20.2442921
tuna,63.91,15.52264263,13.16573667
tuna,76.21,17.91477067,21.56869997
tuna,65.96,16.24391229,15.30790284
tuna,73.9,18.15655759,20.67045551
tuna,77.29,18.48847297,23.01049621
tuna,72.05,17.64552232,19.54306308
tuna,63.19,15.72901973,12.52710833
tuna,72.58,18.11123645,20.00980015
tuna,71.8,17.95798771,19.19790962
tuna,78.73,19.14515545,22.73388885
tuna,76.56,18.92094364,23.45096949
tuna,66.91,16.48059914,16.86218182
tuna,69.96,16.52809013,17.85267507
tuna,72.63,17.7794325,19.06467196
tuna,71.48,17.92303319,20.41340131
tuna,76.88,18.82996474,21.95504273
tuna,59.93,14.63455737,11.68103133
tuna,74.8,17.9880233,21.20667249
tuna,77.46,18.68496593,23.93263337
tuna,71.18,17.36799528,19.22847732
tuna,60.61,14.49186039,11.38627088
tuna,77.92,19.31690751,24.80332333
tuna,67.22,16.28770014,15.43895083
tuna,67.92,16.84249378,16.59462605
tuna,53.78,12.93067369,8.337883351
tuna,70.42,17.73833729,19.6618733
tuna,62.55,15.12106886,12.41920918
tuna,69.07,16.10875243,16.13945771
tuna,68.43,16.813894,15.92974407
tuna,70.77,18.0066167,19.49158011
tuna,71.32,17.42244706,18.85084242
tuna,60.85,15.03045914,11.27367777
tuna,75.33,18.90232584,22.19314526
tuna,54.14,13.48428902,8.708418487
tuna,69.15,16.22670567,15.79991349
tuna,75.52,17.80061517,21.58239739
tuna,72.02,17.29957071,19.03853069
tuna,64.5,15.94585479,13.9535269
tuna,64.22,15.73949873,13.24258157
salmon,61.14,15.58394717,6.564413461
salmon,60.31,14.28025946,5.648186322
salmon,58.17,14.5775266,5.691979495
salmon,55.59,13.95519263,4.662425409
salmon,64.43,15.63219061,7.067322139
salmon,46.76,11.35225678,2.924292713
salmon,60.75,15.5589798,6.437198947
salmon,63.92,16.13846102,7.498408463
salmon,62.54,15.41493914,6.64278082
salmon,52.55,13.17037063,3.885869522
salmon,60.22,14.80272355,6.158947691
salmon,61.18,14.87233897,6.274245653
salmon,72.4,17.96690554,10.13519953
salmon,59.81,13.55325502,5.140043526
salmon,50.47,13.13300809,3.561922181
salmon,56.79,14.15844186,4.98016567
salmon,60.01,14.92877639,5.535405862
salmon,63.56,15.45793365,6.94504463
salmon,50.58,12.1547805,3.323786746
salmon,48.24,12.2310254,3.294130253
salmon,57.1,14.26141699,5.025926343
salmon,52.2,13.65962467,3.791300137
salmon,57.75,15.03205162,5.643879452
salmon,61.53,15.64346488,6.227191176
salmon,62.6,15.0465351,6.611739145
salmon,65.25,16.10170253,7.756572002
salmon,62.12,15.39783602,5.956999214
salmon,66.35,16.00698338,8.318774881
salmon,56.43,13.73066954,4.852509842
salmon,56.76,13.32727632,4.753481751
salmon,67.82,17.48182189,9.391832284
salmon,65.31,16.17763987,7.847443648
salmon,60.38,15.4181738,6.496763556
salmon,61.78,15.80167643,6.847096311
salmon,64.9,16.72328645,8.017682829
salmon,54.06,13.39616952,4.386439098
salmon,70.43,17.26479481,9.104869494
salmon,49.73,12.16759603,3.248566421
salmon,61.29,15.46920435,6.389106799
salmon,56.85,13.81541144,4.631480851
salmon,68.69,17.09358611,8.42999187
salmon,53.28,13.31162299,3.933003148
salmon,60.41,14.65549523,5.711276867
salmon,61.76,15.1629637,6.291195717
salmon,64.45,16.65188351,7.613487317
salmon,51.31,12.85310398,3.930716396
salmon,60.77,15.68729427,6.088195419
salmon,63.05,14.98332618,6.492712229
salmon,48.82,11.82781844,3.380271637
salmon,72.75,18.77866383,10.69000178
salmon,57.25,14.14319134,4.99194714
salmon,54.78,13.22153007,4.340867202
salmon,54.91,13.83862308,4.717380804
salmon,58.52,14.56079713,5.367303219
salmon,56.86,13.43043283,4.585689726
salmon,57.34,14.00993344,5.028757673
salmon,58.07,14.76779878,5.586500172
salmon,68.82,16.90048929,9.241193196
salmon,55.08,13.9984658,4.881944336
salmon,70.7,17.79728391,9.769332445
salmon,65.38,16.07800464,7.600469348
salmon,54.37,13.30986026,4.4015371
salmon,56.59,13.89578793,4.779729946
salmon,54.84,13.13128854,4.382826497
salmon,60,15.4340841,5.807346187
salmon,60.96,14.76778243,6.064405464
salmon,60.33,14.41539784,5.700824848
salmon,64.41,16.50353626,7.853921173
salmon,49.32,12.09225539,3.156413483
salmon,66.23,16.41708328,7.67849965
salmon,62.62,16.75129373,7.115273452
salmon,70.5,17.56213623,9.452990065
salmon,62.63,16.05486073,6.810487527
salmon,58.51,14.7990687,5.612656714
salmon,55.59,14.25967605,4.906512041
salmon,63.88,15.44594375,6.978018265
salmon,53.32,13.38138805,4.186645226
salmon,61.96,15.00405966,6.85346364
salmon,57.35,14.50062752,5.17359149
salmon,52.99,13.10686128,4.028163912
salmon,65.71,16.48403866,8.028397596
salmon,67.55,16.62971081,8.040774046
salmon,60.83,14.53502526,6.192548806
salmon,69.22,16.74874294,8.172622452
salmon,55.06,13.45399914,4.412223385
salmon,51.51,13.0052057,3.784281309
salmon,53.04,12.77629211,3.971753387
salmon,56.3,13.41215347,4.774100534
salmon,59.86,15.05317391,5.836511932
salmon,68.55,16.6971167,8.914870188
salmon,66.15,15.7877583,7.270850248
salmon,68.69,17.32074296,8.969223537
salmon,55.2,13.41703178,4.71034715
salmon,54.96,13.90317039,4.696029487
salmon,65.27,16.52318874,7.204356052
salmon,64.72,16.56128573,7.419341411
salmon,63.59,15.5408911,6.935432722
salmon,62.14,14.59034983,6.116202158
salmon,65.19,16.50913167,7.7829927
salmon,52.49,13.47517016,3.760392326
salmon,62.28,16.1327658,7.464017288
salmon,66.67,16.53525265,8.145403406
salmon,51.82,12.88481334,4.0174572
salmon,51.72,13.39780605,3.798480099
salmon,64.81,16.5647171,7.900276844
salmon,68.48,16.89737075,8.639138502
salmon,66.34,17.1147796,8.159218562
salmon,46.19,10.70836951,2.539402702
salmon,60.97,14.9258606,6.062097603
salmon,65.95,16.84857198,8.517360264
salmon,67.49,16.91466947,8.634055446
salmon,59.65,14.28433505,5.562533596
salmon,62.37,15.88958621,6.857083002
salmon,62.95,15.14296727,6.465312382
salmon,55.45,13.58946348,4.621614708
salmon,60.44,15.9857417,6.618526344
salmon,60.23,15.04636138,5.829268898
salmon,64.85,16.20994241,7.746237787
salmon,56.18,14.63588776,5.117812617
salmon,65.2,15.68536447,7.204635662
salmon,60.55,16.60574943,6.274400054
salmon,54.88,13.8793302,4.607714623
salmon,61.58,15.09788442,6.240589789
salmon,61.97,15.26907138,6.541017415
salmon,68.83,16.79637657,8.747734775
salmon,58.71,13.97583059,5.71536707
salmon,54.04,13.05563236,4.36747876
salmon,57.64,14.45099151,5.169786791
salmon,52.64,13.96799738,4.312707877
salmon,56.58,13.6484322,4.803127898
salmon,59.46,15.20688833,6.225614158
salmon,58.43,13.73462421,5.433510294
salmon,70.99,17.30134099,9.975127211
salmon,67.01,16.38216279,8.793249753
salmon,49.86,12.58795057,3.525601774
salmon,52.25,13.28558138,3.726705839
salmon,60.28,14.03776697,5.542889009
salmon,62.62,15.07351408,6.12117763
salmon,54.41,13.26333623,4.326941153
salmon,51.6,12.5317679,3.543308602
salmon,52.22,13.50537089,3.922564942
salmon,63.9,16.05739384,7.304462063
salmon,57.25,13.98922098,5.113477202
salmon,60.1,14.51696238,5.72773822
salmon,61.36,15.33080062,6.465034244
salmon,61.02,15.09109139,5.949994891
salmon,62.08,15.50621673,6.22517551
salmon,67.5,16.2256307,7.731622674
salmon,60.6,14.94018385,5.857986156
salmon,48.56,11.79462953,2.961414163
salmon,64.88,16.77565752,7.794570232
salmon,69.84,16.52226807,9.030631313
salmon,60.4,14.78951174,6.021923622
salmon,59.85,15.55098718,6.163780279
salmon,59.19,15.21888583,5.489357298
salmon,42.73,10.45120256,2.091410322
salmon,55.98,14.28607867,4.824477246
salmon,60.15,15.46311995,6.456769486
salmon,57.52,13.96315322,5.414891672
salmon,56.53,13.39744943,4.857084345
salmon,56.27,13.30917525,4.636942029
salmon,58.53,14.25034783,5.503535752
salmon,53.24,12.40052956,3.600243507
salmon,58.16,14.50822905,5.27041574
salmon,65.78,15.83353042,7.537283797
salmon,64.45,15.49012758,7.427095826
salmon,53.61,12.68071087,4.059354805
salmon,68.16,17.44904492,8.744809899
salmon,75.86,18.55971053,11.72881943
salmon,45.78,11.43488358,2.683562401
salmon,61.93,15.73746611,6.452492097
salmon,58.83,14.4768937,5.568298417
salmon,56.4,14.32479126,5.106784143
salmon,59.05,13.85643915,5.270047444
salmon,60.09,14.8615431,5.820083297
salmon,59.91,15.78188512,6.352560956
salmon,61.06,15.59322292,6.761034683
salmon,47.61,12.09133556,2.912833669
salmon,54.45,13.86183003,4.587504055
salmon,61.34,15.42499875,6.42421939
salmon,65.02,15.37204549,6.891213993
salmon,54.06,14.02437145,4.3435697
salmon,57.42,13.95790385,5.110536045
salmon,67.87,16.62627931,8.534756824
salmon,63.11,15.43418176,6.714325094
salmon,57.17,14.02503298,5.411959868
salmon,54.7,13.54258792,4.233015586
salmon,54,13.36407985,4.225007665
salmon,50.53,12.64831776,3.62033085
salmon,51.61,12.99987897,3.959719209
salmon,66.84,16.79334041,8.107482773
salmon,56.27,13.53130663,4.95724013
salmon,57.43,14.08890418,5.109378657
salmon,59.06,14.6336974,5.51039086
salmon,62.78,15.79526003,6.679392568
salmon,53.63,13.15023708,4.051254746
salmon,55.69,13.95928485,4.470348993
salmon,54.41,13.29821127,4.21862692
salmon,58.34,14.21746888,5.421262391
salmon,63.09,15.7403079,6.696637555
salmon,55.01,13.64230443,4.656599051
salmon,59.62,14.29540401,5.562553691
salmon,67.47,16.65849566,8.19980835
salmon,57.61,13.87293349,5.154063215
salmon,51.07,12.12662302,3.639964972
salmon,47.91,12.6126655,3.118709472
salmon,58.34,14.96320858,5.587628094
salmon,61.17,14.60705233,6.091421791
salmon,64.55,15.09048699,6.850865331
salmon,47.48,11.59387606,2.762812418
salmon,61.41,15.40544048,6.592123172
salmon,61.46,15.39496475,6.198380963
salmon,58.85,15.43504773,5.915670337
salmon,63.64,14.93323168,7.286299375
salmon,58.39,13.99256895,5.251451935
salmon,59.12,14.95710139,5.804821072
salmon,63.35,16.16555405,7.18174902
salmon,50.99,12.99910115,3.775209134
salmon,46.25,11.21306077,2.570979009
salmon,58.15,14.43626757,5.428883148
salmon,64.68,16.62006555,7.497044177
salmon,69.89,17.13749407,9.793931368
salmon,64.79,15.55224709,7.176562785
salmon,54.26,13.01523934,4.135836531
salmon,48.53,11.37644785,2.932920792
salmon,69.02,17.49120634,9.151008204
salmon,63.91,14.73208586,6.640536329
salmon,57.03,14.2727645,4.947005412
salmon,55.3,13.54416361,4.777708038
salmon,56.91,13.71838331,4.898669185
salmon,68.6,16.65417364,8.7114233
salmon,59.83,14.57831365,5.529054509
salmon,58.97,15.40716888,5.92293733
salmon,63.97,16.45323216,7.15726757
salmon,54,13.09310122,4.084999764
salmon,56.09,14.78910925,5.420370837
salmon,60.74,14.51383237,6.015326081
salmon,69.52,17.56590486,8.81619221
salmon,63.42,15.92090502,6.936056569
salmon,67.38,16.7820903,8.437454699
salmon,56.16,13.85807851,5.179965463
salmon,62.6,16.64247243,6.865047217
salmon,63.07,15.60354254,7.174105442
salmon,65.37,16.06556634,7.400460454
salmon,56.4,13.41788843,4.517719759
salmon,56.67,14.98797274,5.241967171
salmon,68.18,17.76977892,9.177445537
salmon,60.46,15.08379422,5.924702422
salmon,62.29,14.97361395,6.591674462
salmon,66.06,16.52009889,8.414227214
salmon,51.75,12.66227699,3.812724727
salmon,44.35,10.6692683,2.352059924
salmon,57.41,14.65075912,5.557531267
salmon,61.26,15.13627494,5.980795915
salmon,65.15,16.33370799,7.832606532
salmon,61.74,15.47904665,6.788405194
salmon,51.39,12.69084491,3.831804106
salmon,52.53,12.69995273,3.958749275
salmon,66.8,15.84183801,8.0846773
salmon,59.91,15.92167531,6.330838512
salmon,54.5,12.72766907,4.125792842
salmon,64.68,16.60654422,7.693073579
salmon,53.18,13.54885706,4.326206216
salmon,62.91,14.97459711,6.349878275
salmon,66.27,16.26907529,7.988293212
salmon,56.54,13.42354842,4.550455369
salmon,62.05,15.45224841,6.46935554
salmon,53.05,13.50205258,4.03512517
salmon,58.51,14.77936238,5.132540027
salmon,63.92,15.52693428,7.243128616
salmon,61.4,15.31516838,6.105101609
salmon,63.6,16.14094871,7.824181449
salmon,63.36,15.40745846,6.920534084
salmon,59.49,14.67392847,5.502325306
salmon,61.54,15.494515,6.168246854
salmon,62.21,15.68758946,6.2390722
salmon,63.16,15.54412163,6.826982909
salmon,52.99,13.52543034,4.222152247
salmon,54.36,12.76971833,4.144578098
salmon,53.14,13.12832045,3.920286575
salmon,53.05,13.08034901,4.025976751
salmon,72.63,17.18353796,10.62121636
salmon,54.9,13.85149502,4.489607026
salmon,65.82,16.52210911,7.876105912
salmon,61.63,14.66056985,5.852754411
salmon,50.46,12.42073817,3.598968002
salmon,67.64,16.86276418,8.185751357
salmon,60.22,14.57052307,5.91702866
salmon,66.03,15.69064466,7.312817594
salmon,60.1,15.00138827,5.797068042
salmon,58.77,15.09660012,5.321965168
salmon,53.53,13.19454081,4.048408722
salmon,56.49,13.97445927,5.144508668
salmon,51.7,13.13137449,3.894973744
salmon,63.53,16.59707913,7.378944511
salmon,64.13,16.42453678,7.316157893
salmon,49.62,11.73293814,3.161095536
salmon,62.35,15.49667721,6.904979322
salmon,57.72,14.8160097,5.506083074
salmon,60.87,14.91947967,6.053400604
salmon,55.83,14.11569256,4.694586607
salmon,56.52,13.76206247,4.940988041
salmon,56.25,14.63787516,5.558143307
salmon,63.43,15.44005798,6.724285504
salmon,50.28,12.34735534,3.417320547
salmon,57.93,14.47385301,5.415952579
salmon,61.68,15.34364988,6.408157307
salmon,49.79,12.43683746,3.297186443
salmon,64.64,16.22935518,7.60696771
salmon,50.93,13.09830965,3.706703615
salmon,52.33,12.96891423,4.043089589
salmon,66.12,16.34436347,8.028853256
salmon,58.81,14.12731691,5.352680122
salmon,63,15.14824961,6.995521256
salmon,51.75,13.30607438,3.96100983
salmon,54.2,13.1591723,4.452684666
salmon,61.56,16.02437378,6.549885965
salmon,51.94,12.85403085,4.010577672
salmon,54.33,12.54286782,3.967611311
salmon,56.74,13.89859801,4.968973072
salmon,49.99,12.30145668,3.535897199
salmon,61.33,14.82632204,6.011289637
salmon,60.86,15.64424986,6.293525124
salmon,50.6,12.61201518,3.737331045
salmon,62.43,15.75701603,6.654164895
salmon,59.06,14.45324121,5.606349398
salmon,52.53,13.05564762,3.816924067
salmon,55.13,13.12709173,4.382353046
salmon,56.97,13.73834993,4.805169619
salmon,62.31,14.93574401,6.317725229
salmon,60.38,14.19110533,5.882594099
salmon,61.94,14.54933781,6.402774187
salmon,72.58,17.73195279,10.64361714
salmon,64.16,15.48941315,6.779474651
salmon,68.33,17.40899529,9.035578
salmon,64.63,15.74487942,7.947866969
salmon,49.64,11.81469292,3.245013787
salmon,57.78,14.68977262,5.846730955
salmon,61.28,15.04033038,5.915887057
salmon,56.14,13.74334671,4.799163686
salmon,60.93,15.1582792,6.265020094
salmon,52.61,13.16541353,4.154593806
salmon,61.75,14.86071676,6.491286429
salmon,56.92,14.76857535,5.411323433
salmon,53.58,13.30658972,4.298730027
salmon,63.63,16.37320298,7.456846497
salmon,60.1,14.05318288,5.71756912
salmon,59.47,14.5887566,5.48284439
salmon,56.17,13.87224001,4.938783182
salmon,71.19,16.45931211,9.290786637
salmon,64.98,15.81821203,7.363479202
salmon,55.68,13.38569916,4.358546518
salmon,47.39,11.82635097,2.807764619
salmon,71.25,17.92274737,9.724002545
salmon,63.37,15.49103319,7.044917231
salmon,50.65,11.90866746,3.536705573
salmon,75.7,18.19535996,11.76443502
salmon,65.93,15.86432289,7.595414267
salmon,56.59,13.92266642,5.022087126
salmon,55.6,13.26377663,4.627346549
salmon,57.67,14.46080002,5.682199184
salmon,68.83,17.42061032,8.97394657
salmon,63.69,15.09529405,6.770561326
salmon,56.09,13.96790965,4.902057334
salmon,50.36,13.30310153,3.777679957
salmon,62.95,15.46447608,6.884457918
salmon,53.43,13.53949933,4.111145063
salmon,64.07,15.8901884,6.973754524
salmon,55.16,13.11130031,4.306344856
salmon,51.9,12.13408179,3.57763975
salmon,57.42,14.24953729,5.363459511
salmon,56.73,13.72800979,4.540001822
salmon,60.85,14.28853883,5.518736601
salmon,59.63,14.94525918,5.997786666
salmon,59.7,14.11312228,5.612468138
salmon,60.98,15.12173674,6.109157167
salmon,60.11,15.42467531,6.300135291
salmon,59.1,14.4021788,5.860021066
salmon,60.04,14.57658274,5.794221082
salmon,60.15,14.39800783,5.309732108
salmon,66.26,15.73215079,7.782210602
salmon,60.51,15.59864519,6.374586113
salmon,47.83,11.51139643,2.919685861
salmon,67.34,16.65238863,8.318504845
salmon,60.51,14.95640225,5.898309285
salmon,54.28,12.6779163,4.017266825
salmon,73.23,18.17335195,10.79834965
salmon,66.92,16.55702939,8.193436061
salmon,56.6,14.28175215,5.018434944
salmon,54.3,13.30414456,4.479770977
salmon,64.14,15.07159018,7.10752459
salmon,62.69,15.79747017,7.021430902
salmon,68.64,16.93119098,8.930572613
salmon,71.99,17.30316582,9.751000876
salmon,66.13,17.00883481,8.171442636
salmon,56.17,14.08295768,4.800639728
salmon,63.22,15.77010125,7.060407715
salmon,60.07,14.52537548,5.765903838
salmon,65.61,16.46253887,7.406343481
salmon,51.14,12.78882146,3.589943682
salmon,48.32,11.98731726,3.047876788
salmon,56.45,13.36462088,4.543930254
salmon,61.91,15.4532852,6.652946147
salmon,59.68,14.58236635,5.534574938
salmon,56.38,13.90809791,5.293545456
salmon,59.89,14.56578336,5.565856434
salmon,63.67,15.91871642,7.211541664
salmon,59.39,14.52033281,5.44362985
salmon,68.03,16.85966604,8.617857117
salmon,56.68,14.19210351,5.078600591
salmon,70.57,17.42865564,9.523198845
salmon,56.7,14.11890107,4.555313646
salmon,69.85,17.82589482,9.477173885
salmon,59.3,15.73938686,5.963101109
salmon,61.31,15.40613071,6.332509837
salmon,66.52,16.06526968,7.815733422
salmon,76.58,19.01333225,13.12950651
salmon,58.07,14.89677019,5.250642234
salmon,52.29,13.05118103,4.037449358
salmon,55.49,13.8598486,4.770733063
salmon,54.98,14.27761799,4.880342236
salmon,66.97,16.56514859,8.024479584
salmon,71.69,18.21831723,10.12267239
salmon,65.79,16.80853192,8.014152473
salmon,64.49,15.58403236,7.12984157
salmon,66.34,16.70740904,7.927163899
salmon,55.85,13.44458212,4.672114257
salmon,58.71,14.0916921,5.713412308
salmon,61.29,15.01337803,6.160179696
salmon,69.9,17.1064796,9.238626684
salmon,50.7,12.67301702,3.447763255
salmon,54.97,13.36178357,4.58526967
salmon,53.11,13.21730071,4.244634356
salmon,53.61,13.44187978,4.283303805
salmon,40.08,9.883555063,1.766823518
salmon,61.76,14.88155918,6.41844926
salmon,65.13,15.36161075,7.081238353
salmon,61.81,16.29172522,6.738477955
salmon,67.96,16.18524652,8.547742369
salmon,61.71,14.98326333,6.528458963
salmon,65.19,16.71281468,7.525693724
salmon,62.17,15.65142631,6.797608191
salmon,54.01,13.92988418,4.484479392
salmon,59.07,14.33472998,5.465483523
salmon,59.7,14.54116783,5.362328011
salmon,69.45,18.04389837,10.45587109
salmon,58.84,14.83870982,5.483949209
salmon,58.65,13.94726353,5.547490622
salmon,57.82,14.79141404,5.439028754
salmon,60.65,14.64520414,6.184668869
salmon,64.47,17.11164971,8.43742463
salmon,65.76,15.35909914,7.48136671
salmon,65.14,16.44460513,7.851609917
salmon,65.04,15.7000667,7.714202926
salmon,58.72,14.54216233,5.888265064
salmon,54.27,14.06481794,4.56352612
salmon,48.78,11.81737882,3.09340517
salmon,64.14,16.34963338,7.371775261
salmon,61.39,15.05079385,6.394998661
salmon,65.12,16.00801057,7.575742665
salmon,69.22,16.96677654,8.594404613
salmon,59.11,14.66130205,5.259190652
salmon,69.03,16.77509374,8.673627591
salmon,65.27,15.94792989,7.779056006
salmon,63.84,15.63768262,7.221806687
salmon,58.18,14.76490012,5.457523183
salmon,62.68,15.30586305,6.813416029
salmon,70.55,17.76859846,9.105777806
salmon,59.5,15.07325851,5.487156639
salmon,68.52,17.57166655,8.754105443
salmon,52.06,13.25155593,3.943862229
salmon,59.24,14.40889005,5.453317075
salmon,57.68,14.56912291,5.243655208
salmon,58.69,14.91488346,5.692758446
salmon,55.86,13.54000876,4.619240568
salmon,63.84,16.20405933,7.496306676
salmon,65.94,15.52505468,7.17151683
salmon,41.56,10.45988531,2.0171549
salmon,69.39,17.51233308,9.291991166
salmon,58.34,15.13595887,5.892379346
salmon,58.27,14.99556715,5.665223709
salmon,59.52,14.6976049,5.797912877
salmon,70,17.39188652,9.613630798
salmon,64.54,15.37366512,6.920901928
salmon,54.03,13.12852008,3.992524029
salmon,43.15,10.47960962,2.347623653
salmon,67.9,16.76337128,8.541621085
salmon,63.08,15.86998389,6.769985288
salmon,55.26,14.13251,4.968020534
salmon,50.92,12.58258131,3.71554803
salmon,53.74,13.41131364,4.202488046
salmon,69.61,17.43458719,9.158018568
salmon,61.63,15.40445176,6.615051443
salmon,64.92,16.69071324,7.803694043
salmon,55.19,13.37055281,4.401756929
salmon,51.56,12.81273755,3.608220843
salmon,55,13.66428829,4.708277099
salmon,59.97,15.02423782,6.119672037
salmon,57.84,14.05940506,5.325871009
salmon,55.64,13.78884194,4.586250883
mackerel,39.64,7.826886721,1.329148954
mackerel,47.89,9.85573421,2.103569974
mackerel,27.17,5.517602984,0.444668175
mackerel,42.11,8.458347354,1.71562558
mackerel,51.38,10.5291157,3.104793958
mackerel,42.64,8.606051153,1.720541097
mackerel,32.5,6.673767167,0.673391511
mackerel,46.82,9.580267054,1.984976587
mackerel,39.62,8.314744527,1.252644893
mackerel,38.19,7.810918012,1.052515795
mackerel,39.68,8.221189427,1.452617214
mackerel,50.46,10.4006624,2.779069408
mackerel,32.64,6.698102753,0.760579835
mackerel,42.93,8.697474144,1.824998513
mackerel,37.09,7.640375204,1.012932892
mackerel,42.9,8.648238925,1.407883703
mackerel,36.32,7.280215307,1.142867651
mackerel,37.66,7.922911797,1.283425382
mackerel,51.83,10.59421449,3.43922699
mackerel,27.02,5.486596653,0.434461728
mackerel,40.32,8.057332786,1.396319019
mackerel,35.76,7.318511843,0.896530323
mackerel,34.63,6.858347365,0.803982541
mackerel,40.16,8.216836026,1.347421918
mackerel,50.88,9.844945868,3.094785444
mackerel,43.51,8.873679792,1.694995831
mackerel,38.89,8.069870505,1.406791374
mackerel,38.29,7.567712801,1.305309422
mackerel,43.17,8.646358714,1.542272962
mackerel,33.53,6.782728164,0.878236763
mackerel,36.59,7.701767916,1.218527634
mackerel,23.77,4.832014372,0.264873679
mackerel,44.28,9.181593544,1.655097413
mackerel,45,8.945909597,2.200261391
mackerel,35.24,7.317834204,0.923627124
mackerel,33.24,6.815872308,0.867308964
mackerel,34.37,6.855053434,0.856041079
mackerel,30.9,6.337128764,0.567470029
mackerel,38.59,7.70925866,1.08533528
mackerel,32.54,6.679311469,0.824001927
mackerel,41.73,8.234380935,1.213909762
mackerel,41.99,8.694680164,1.866189289
mackerel,44.4,8.935309995,1.646839499
mackerel,35.37,6.97174846,0.958965697
mackerel,41.46,8.551323415,1.467105296
mackerel,46.52,9.039743421,2.050429012
mackerel,42,8.745333101,1.68609124
mackerel,31.41,6.309459926,0.660564353
mackerel,45.89,9.232610036,2.058169684
mackerel,31.46,6.408248642,0.657906183
mackerel,36.12,7.261619953,0.783524251
mackerel,29.27,5.861303778,0.525574417
mackerel,46.94,9.477489271,1.818274884
mackerel,38.33,7.974523419,1.322224044
mackerel,35.53,7.241693008,0.8191677
mackerel,38.82,8.142359431,1.346434547
mackerel,41.97,8.265576615,1.496297265
mackerel,29.15,5.869865056,0.531391601
mackerel,32.6,6.462194774,0.722016998
mackerel,30.42,6.166796398,0.57103659
mackerel,35.43,7.16154934,0.878540435
mackerel,26.78,5.36864922,0.398153964
mackerel,40.6,8.25768653,1.364998216
mackerel,39.42,8.05287728,1.446661488
mackerel,32.59,6.678547857,0.736619983
mackerel,45.53,9.017836735,1.811773833
mackerel,45.19,9.184737343,1.746516846
mackerel,40.68,8.107414488,1.537466999
mackerel,38.94,7.919900981,1.186042356
mackerel,38.44,7.858984512,1.36788081
mackerel,31.13,6.35576318,0.718330305
mackerel,38.56,7.599619805,1.288655143
mackerel,36.75,7.100141127,0.966874067
mackerel,48.85,9.629077417,2.411499949
mackerel,32.29,6.539325633,0.722959501
mackerel,39.82,7.790414284,1.418535286
mackerel,39.46,8.157502453,1.387273544
mackerel,40.6,8.060623377,1.189607231
mackerel,41.73,8.643792601,1.322696084
mackerel,35.53,7.098039723,0.966982848
mackerel,41.62,8.203186062,1.363974624
mackerel,50.36,9.51477786,2.211134885
mackerel,49.62,9.828704388,2.364210697
mackerel,53.13,10.8346251,2.906598777
mackerel,47.3,9.847828481,2.027149872
mackerel,34.77,6.978570193,1.012097697
mackerel,44.3,9.125030345,1.857820222
mackerel,40.95,8.36615106,1.522783961
mackerel,38.75,8.144906832,1.285640145
mackerel,34,6.817990723,0.988972438
mackerel,30.22,5.858648262,0.578323759
mackerel,40.64,8.530665143,1.36650287
mackerel,42.76,8.524195042,1.904351591
mackerel,46.66,9.225171808,1.945744293
mackerel,34,6.765996649,0.776213164
mackerel,37.65,7.631173837,1.154483163
mackerel,35.36,7.159476667,0.834842073
mackerel,30.43,6.2880601,0.526318609
mackerel,40.34,8.287456219,1.259882106
mackerel,45.72,9.369112705,2.153634018
mackerel,39.44,8.004251526,1.237686237
mackerel,42.68,8.7701179,1.659913183
mackerel,37.06,7.704583655,1.101456631
mackerel,44.57,9.423918137,1.896240422
mackerel,30.78,6.205969331,0.621063861
mackerel,34.1,6.727645234,0.765755853
mackerel,45.55,9.410854636,1.981446396
mackerel,38.42,7.976640776,1.222159105
mackerel,45.88,9.323709329,2.362659922
mackerel,43.83,8.517731564,1.814723671
mackerel,30,6.154070477,0.495696061
mackerel,46.3,9.627841501,2.212845588
mackerel,51.46,10.73378796,3.179399218
mackerel,29.11,5.718633744,0.502544801
mackerel,41.28,8.252366209,1.268254137
mackerel,36.2,7.334203297,0.986740344
mackerel,38.59,8.026551653,1.3261155
mackerel,51.02,10.41221031,2.887622188
mackerel,50.38,10.48603841,2.925088075
mackerel,39.25,7.994767769,1.327297307
mackerel,37.44,7.548684506,1.141365972
mackerel,36.44,7.483554047,1.06144379
mackerel,30.33,6.017190424,0.631641064
mackerel,37.59,7.702555008,1.284047741
mackerel,43,8.56616783,1.529173279
mackerel,50,10.13223756,2.80510465
mackerel,31.74,6.392957389,0.600522444
mackerel,32.78,6.92404314,0.893921054
mackerel,32.97,6.693213776,0.605595943
mackerel,38.9,7.954819906,1.257938939
mackerel,41.58,8.607332632,1.292158286
mackerel,38.56,8.043708926,1.239601067
mackerel,42.52,8.609948982,1.743571913
mackerel,38.7,7.715082157,1.23648479
mackerel,42.27,8.926742819,1.891315713
mackerel,40.39,8.098332556,1.832013856
mackerel,27.53,5.597016545,0.464012938
mackerel,35.95,7.327805051,0.872499956
mackerel,47.26,9.623198291,1.930993787
mackerel,38.49,7.98530272,1.428707003
mackerel,50.95,10.30779342,3.253718798
mackerel,38.92,8.171514062,0.993916475
mackerel,39.51,8.171137129,1.070567386
mackerel,42.51,8.848475849,1.658229998
mackerel,40.58,8.209769758,1.750206154
mackerel,36.7,7.633119381,1.088053155
mackerel,41.66,8.478765962,1.467571995
mackerel,52.17,10.27007697,3.074335691
mackerel,35.57,7.263357849,0.78131434
mackerel,47.59,9.691375286,2.346848257
mackerel,33.54,6.913210969,1.046371105
mackerel,44.91,9.26922363,2.061649361
mackerel,45.36,9.440878363,2.147548019
mackerel,34.94,7.236273475,1.033224529
mackerel,36.77,7.33504944,1.066872802
mackerel,42.23,8.656359857,1.763937736
mackerel,39.2,7.790001797,1.04329046
mackerel,33.79,6.724647869,0.736939042
mackerel,42.69,8.461198734,1.736140711
mackerel,38.84,7.719952671,1.130006949
mackerel,37.05,7.591699729,1.258887227
mackerel,47.21,9.60197412,2.199983814
mackerel,29.24,5.998530094,0.535296909
mackerel,40.27,8.460937187,1.533149584
mackerel,39.89,8.056181149,1.328663439
mackerel,38.08,7.820605251,1.284098422
mackerel,49.36,10.00057831,2.518751882
mackerel,37.42,7.63507189,1.10612932
mackerel,41.96,8.905571753,1.63229977
mackerel,40.52,8.227159569,1.512515967
mackerel,33.43,6.86469702,0.974123191
mackerel,45.12,9.185658639,1.647211174
mackerel,36.26,7.279034971,1.060607336
mackerel,38.05,8.039257672,1.211394089
mackerel,24.35,5.033683126,0.355926528
mackerel,46.27,9.619571517,2.116461557
mackerel,33.21,6.702799796,0.828463381
mackerel,46.64,9.005677443,1.744404529
mackerel,52.7,10.71756355,2.950368516
mackerel,28.04,5.655414677,0.479691165
mackerel,39.44,8.232872921,1.104036659
mackerel,46.63,9.955054865,2.513259021
mackerel,51.34,10.69269202,2.60451517
mackerel,46.21,9.23359618,1.645921808
mackerel,37.46,7.528206864,1.095426488
mackerel,43.01,8.980270469,1.811251362
mackerel,42.02,8.244949361,1.960337506
mackerel,39.9,7.882462652,1.401721969
mackerel,54.64,11.27392242,3.127919929
mackerel,46.59,9.521454779,2.563433154
mackerel,37.55,7.482274416,1.130864019
mackerel,37.97,7.739192024,1.004302007
mackerel,30.55,6.201004512,0.532964844
mackerel,32.82,6.675532536,0.741652274
mackerel,39.88,8.119346937,1.288563489
mackerel,37.3,7.725519323,0.95128973
mackerel,45.14,8.75167523,2.091582168
mackerel,41.59,8.477818526,1.482378803
mackerel,32.97,6.798466899,0.845259873
mackerel,42.86,8.872128491,1.631032935
mackerel,40.29,7.934148262,1.495577389
mackerel,37.69,7.730720053,1.181301982
mackerel,42.12,8.477115053,1.599374866
mackerel,44.37,9.018725556,1.962934965
mackerel,31.7,6.380674223,0.699466697
mackerel,37.51,7.451899036,1.038759158
mackerel,50.4,10.10160446,2.654263944
mackerel,30.19,6.048953741,0.546896009
mackerel,42.76,8.219445906,1.435878765
mackerel,42.34,8.535760846,1.621037368
mackerel,33.52,6.740723454,0.674739532
mackerel,37.25,7.697492336,1.098250517
mackerel,47.27,9.548313862,2.0886794
mackerel,48.5,10.06052948,1.933698847
mackerel,30.55,6.207582422,0.612330792
mackerel,34.14,7.053871375,0.918776243
mackerel,38.24,7.952274067,1.147327636
mackerel,36.74,7.467654672,0.932752165
mackerel,31.88,6.475820698,0.707069863
mackerel,40.73,8.327988531,1.381958864
mackerel,29.75,5.930323965,0.612810881
mackerel,54.18,10.74529773,3.238472262
mackerel,42.87,8.817228685,1.67270353
mackerel,33.81,7.064686203,0.971561581
mackerel,27.74,5.344527577,0.499981469
mackerel,40.36,8.054460281,1.68045263
mackerel,36.72,7.201363736,0.964923173
mackerel,46.27,9.579141813,2.483451318
mackerel,42.18,8.521952126,1.266015632
mackerel,35.46,7.345565735,1.003276484
mackerel,42.21,8.33994548,1.485190202
mackerel,36.04,7.383050472,0.973912866
mackerel,46.77,9.651537569,2.632227304
mackerel,39.89,7.950525459,1.458536374
mackerel,42.26,8.306472627,1.436215509
mackerel,43.87,8.756090835,1.797679835
mackerel,43.48,8.976521947,1.708537476
mackerel,50.51,10.57197578,2.738188877
mackerel,42.73,9.004227189,1.391412894
mackerel,42.62,8.657779228,1.927027484
mackerel,41.31,8.610776699,1.852393035
mackerel,35.49,7.198552605,0.91691523
mackerel,45.95,9.321155561,2.39186049
mackerel,40.61,8.237751811,1.567854588
mackerel,35.27,7.243156517,0.789509142
mackerel,32.69,6.560732161,0.877913711
mackerel,36.53,7.550886177,1.183862563
mackerel,42.25,8.581285462,1.509300013
mackerel,34.25,7.124713559,0.914627953
mackerel,38.97,7.926772098,1.236702375
mackerel,21.08,4.188276118,0.191172332
mackerel,38.71,7.607582695,1.142569142
mackerel,39.04,7.852832985,1.202760553
mackerel,36.97,7.598081201,0.986077346
mackerel,43.91,9.041480448,1.925942836
mackerel,41.86,8.520706042,1.615712461
mackerel,46.06,9.675148313,2.02437088
mackerel,30.41,5.925640309,0.612765122
mackerel,34.74,7.098364665,0.999587936
mackerel,44.26,9.166862671,1.944464946
mackerel,44.46,9.273686926,2.205318097
mackerel,46.35,9.17135331,2.216958829
mackerel,32.68,6.533080239,0.75608941
mackerel,53.1,10.90361143,3.172524419
mackerel,34.9,7.208254419,0.889333217
mackerel,40.79,8.438418511,1.446554872
mackerel,38.49,8.054899734,1.187787044
mackerel,45.75,9.329762029,1.980291793
mackerel,37.71,7.763158117,1.19353944
mackerel,38.06,7.690102346,1.218969546
mackerel,38.51,7.911135977,1.112968433
mackerel,37.97,7.817685919,1.149481011
mackerel,36.94,7.348014765,1.002188052
mackerel,47.43,10.09068118,2.306269859
mackerel,49.62,9.943474831,2.064660962
mackerel,32.36,6.392625756,0.78149221
mackerel,39.17,7.921695703,1.415013052
mackerel,44.87,9.117476397,2.00359665
mackerel,38.38,7.84243479,0.965925257
mackerel,28.18,5.719900327,0.461734337
mackerel,37.82,7.758863654,1.276207176
mackerel,47.27,9.444084425,2.579756266
mackerel,49.03,10.16887996,2.961719593
mackerel,51.6,10.64108741,3.372756545
mackerel,50.5,10.38293145,2.416367477
mackerel,35.22,7.000164914,1.127404549
mackerel,31.3,6.481144038,0.821547326
mackerel,35.02,6.961333452,0.836959949
mackerel,25.42,5.193605869,0.299953184
mackerel,31.25,6.547857316,0.780528262
mackerel,29.6,5.987458506,0.60273509
mackerel,45.33,9.289849517,2.145637444
mackerel,31.14,6.48485429,0.654647402
mackerel,40.55,8.383386211,1.271678237
mackerel,51.14,10.67315373,3.352927667
mackerel,37.11,7.735227237,1.265367701
mackerel,30.63,6.307016361,0.662786534
mackerel,35.72,7.490991514,0.888628846
mackerel,36.7,7.364677607,0.943215039
mackerel,49.69,9.857805641,2.681113142
mackerel,38.81,7.953947091,1.345041698
mackerel,32.95,6.931090915,0.756502393
mackerel,36.31,7.310322918,1.310855152
mackerel,45.47,9.0046696,1.87203566
mackerel,30.8,5.966709496,0.681628604
mackerel,37.22,7.52960496,1.12839652
mackerel,44.61,8.902651352,1.939642342
mackerel,41.5,8.701696979,1.383441206
mackerel,34.86,7.251086028,1.109886325
mackerel,38.95,7.777838335,1.173884004
mackerel,38.77,7.926356475,1.086673207
mackerel,34.43,6.782577388,0.705657165
mackerel,45.55,9.126829995,1.780714213
mackerel,33.21,6.623545338,0.919395795
mackerel,47.19,9.42022979,2.439997125
mackerel,36.11,6.985500617,0.904450915
mackerel,34.6,6.985059765,0.923400344
mackerel,45.46,9.304437275,2.190222231
mackerel,42.26,8.510865951,2.084128769
mackerel,44.09,9.125026982,1.892094368
mackerel,40.67,8.385916717,1.418803113
mackerel,42.3,8.645868083,1.572665028
mackerel,49.53,10.22311554,2.609082556
mackerel,41.97,8.839819562,1.312756853
mackerel,40.36,8.26019216,1.376154716
mackerel,43.56,9.116284708,1.71479526
mackerel,38.61,7.877209372,1.129906401
mackerel,40.52,8.54659911,1.570938082
mackerel,50.63,10.31938265,2.696111143
mackerel,42.91,8.750825595,1.656985334
mackerel,37.49,7.48008902,1.206042429
mackerel,40.73,8.038846786,1.475355098
mackerel,44.08,9.069220565,1.518024888
mackerel,43.79,8.923351768,1.870568674
mackerel,43.49,8.817991484,1.662923021
mackerel,35.84,7.442393347,0.897719772
mackerel,31.94,6.483666531,0.708158581
mackerel,42.19,8.933642033,1.426338584
mackerel,44.9,9.087821517,2.07254574
mackerel,41.95,8.430549898,1.6644052
mackerel,35.59,7.267702277,0.984138561
mackerel,50.78,10.00944566,2.964191445
mackerel,35.2,7.042454893,0.758813597
mackerel,45.78,9.493840027,1.991840569
mackerel,42.93,8.551834248,1.706024372
mackerel,48.97,10.1354862,2.558587972
mackerel,37.74,7.479243936,1.101502395
mackerel,38.15,7.630265951,1.102786216
mackerel,31.48,6.331572733,0.719656985
mackerel,40.97,8.117819246,1.555568675
mackerel,32.47,6.642758072,0.81342822
mackerel,46.78,9.50457425,2.259255133
mackerel,45.46,9.352758062,2.072882367
mackerel,48.15,9.753193759,2.116856444
mackerel,35.9,7.318815296,0.911958715
mackerel,31.92,6.555567227,0.559098398
mackerel,49.97,10.19329687,2.63688555
mackerel,27.09,5.537074656,0.404845748
mackerel,37.54,7.838684595,0.816206248
mackerel,45.09,9.523494026,2.085046859
mackerel,44.61,9.165009041,1.988451613
mackerel,33.54,6.850640458,0.853938929
mackerel,40.53,8.3282039,1.429919898
mackerel,32.27,6.554499543,0.520517602
mackerel,62.96,12.79451424,5.83290718
mackerel,37.09,7.603683005,0.963358541
mackerel,35.24,7.184978566,1.046704916
mackerel,42.4,8.996750266,1.791967192
mackerel,37.34,7.606846938,0.889447665
mackerel,36.4,7.51287553,1.210497207
mackerel,33.47,6.86775732,0.79284582
mackerel,38.86,7.842531293,1.250732589
mackerel,41,8.311068727,1.708272426
mackerel,34.32,7.293013898,0.931110795
mackerel,44.54,8.679411831,2.137970984
mackerel,51.29,10.51776336,2.278647532
mackerel,31.81,6.313916994,0.677811648
mackerel,36.72,7.691869261,1.100756453
mackerel,43.13,8.691747514,1.562281957
mackerel,38.43,8.087016526,1.352583535
mackerel,36.11,7.408999213,1.156063693
mackerel,39.75,8.133013809,1.518256215
mackerel,43.31,8.830314448,1.360699267
mackerel,32.68,6.778638807,0.790454855
mackerel,31.43,6.39929319,0.776235389
mackerel,39.07,7.88598857,1.343569232
mackerel,40.17,8.008818916,1.365610357
mackerel,42.62,8.835126943,1.441176931
mackerel,45,9.11903199,1.665269634
mackerel,48.76,10.04364546,2.596878334
mackerel,44.02,8.682078269,1.913498253
mackerel,28.7,5.838962584,0.531863389
mackerel,52.1,10.7335465,3.094181502
mackerel,44.52,9.08722758,2.170884736
mackerel,37.62,7.933735835,1.164540851
mackerel,41.26,8.351119206,1.338322167
mackerel,25.96,5.213217171,0.340634537
mackerel,33.18,6.627699337,0.687822433
mackerel,39.7,8.070427283,1.575840607
mackerel,53.64,11.18236045,3.740597748
mackerel,35.28,7.189444841,0.841170753
mackerel,39.13,7.948478711,1.371618848
mackerel,47.63,9.369315501,2.140274924
mackerel,33.84,6.962493285,0.904806863
mackerel,43.13,8.923251356,1.775155617
mackerel,56.52,11.80296358,3.042593112
mackerel,39.52,8.086804943,1.276616155
mackerel,40.82,8.22788156,1.565232608
mackerel,41.89,8.391318132,1.672403456
mackerel,30.83,6.248109047,0.584295517
mackerel,40.65,8.412207615,1.519369329
mackerel,44.8,9.225740215,2.097065629
mackerel,40.04,8.038817672,1.441378465
mackerel,45.06,9.463562749,2.117970164
mackerel,41.44,8.527358097,1.431846823
mackerel,33.75,6.624367654,0.788585189
mackerel,44.55,9.100786327,1.968544778
mackerel,38.74,7.764452279,1.152305649
mackerel,40.53,8.453802949,1.390627612
mackerel,46.31,9.310647267,1.90470177
mackerel,41.43,8.567270926,1.618329623
mackerel,42.53,8.786322916,1.676676431
mackerel,37.91,7.666029495,1.03373089
mackerel,30.75,6.06579711,0.591442673
mackerel,40.17,8.308742886,1.435355436
mackerel,32.89,6.759099807,0.771665805
mackerel,38.43,7.877002232,1.281878543
mackerel,30.9,6.400001584,0.626042167
mackerel,36.67,7.377248299,1.053150439
mackerel,39.38,7.892161232,1.171438507
mackerel,39.71,8.154715863,1.168218074
mackerel,38.39,7.787210245,1.236724409
mackerel,29.01,5.960713037,0.531908739
mackerel,38.59,7.987333698,1.24991738
mackerel,36.44,7.706835696,1.251599613
mackerel,40.66,8.106089594,1.336784609
mackerel,38.65,7.643877131,1.1049882
mackerel,41.06,8.311629001,1.508651081
mackerel,33.95,6.839600725,0.708288297
mackerel,32.09,6.540466859,0.716532924
mackerel,45.62,9.183624533,1.68306181
mackerel,40.24,8.238877254,1.256290658
mackerel,32.9,6.815611965,0.778427509
mackerel,42.48,8.730367544,1.47546124
mackerel,22.06,4.652192474,0.259906589
mackerel,40.92,8.467846803,1.397456888
mackerel,41.53,8.575858043,1.573967876
mackerel,48.55,9.971523011,2.23641291
mackerel,41.48,8.147388499,1.544120655
mackerel,37.74,7.700444565,1.167343215
mackerel,34.45,6.997586323,0.998155873
mackerel,49.18,10.23021762,2.6641494
mackerel,33.49,7.08239867,0.732074056
mackerel,27.28,5.689352171,0.408446858
mackerel,29.11,5.829374197,0.422407407
mackerel,46.22,9.262111488,2.165521456
mackerel,40.99,8.323692677,1.513852645
mackerel,36.18,7.119474237,0.956698864
mackerel,43.63,8.632377084,1.600235406
mackerel,33.63,6.989961418,0.780406138
mackerel,32.27,6.337077709,0.600745025
mackerel,35.73,7.21636304,1.174576876
mackerel,38.7,7.96312056,1.216561502
mackerel,43.48,9.120711342,1.818340707
mackerel,35.79,7.29133557,0.946170347
mackerel,42.67,8.695228057,1.301818084
mackerel,43.84,8.855230399,1.812741959
mackerel,32.89,6.716483159,0.726356169
mackerel,34.17,6.98923134,0.910269254
mackerel,47.95,9.509863471,2.595989909
mackerel,24.91,4.993301599,0.302531895
mackerel,41.38,8.57205262,1.494346038
mackerel,41.37,8.311793679,1.444555282
mackerel,26.82,5.426484511,0.436552054
mackerel,46.19,9.390530291,2.038712242
mackerel,43.66,8.800120067,1.855372436
mackerel,29.75,6.342290213,0.639290497
mackerel,38.55,7.870027147,1.348170363
mackerel,41.92,8.4503079,1.831603567
mackerel,39.32,7.892523255,1.322272495
mackerel,34,6.865855224,0.839511161
mackerel,37.92,7.594753059,1.108658129
mackerel,32.43,6.487050228,0.622862426
mackerel,43.49,8.667636012,1.307558018
mackerel,52.71,10.47916935,2.762553047
mackerel,35.89,7.196289172,0.676832602
mackerel,44.28,9.187147001,1.916695482
mackerel,42.51,8.548471921,1.765924376
mackerel,52.92,10.5630099,2.764542001
mackerel,34.97,6.968276975,0.935694388
mackerel,44.72,9.023846357,1.907446001
mackerel,33.26,7.002655789,0.779793718
mackerel,39.69,8.063888105,1.273796706
mackerel,29.45,6.016715387,0.540470149
mackerel,41.14,8.171254331,1.675539329
mackerel,41.06,8.252644951,1.330602407
mackerel,41.77,8.590338284,1.476314461
mackerel,35.25,7.131066554,0.85160078
mackerel,36.65,7.519112296,1.243252453
mackerel,32.33,6.579095558,0.789629241
