gameId,blueWins,blueWardsPlaced,blueWardsDestroyed,blueFirstBlood,blueKills,blueDeaths,blueAssists,blueEliteMonsters,blueDragons,blueHeralds,blueTowersDestroyed,blueTotalGold,blueAvgLevel,blueTotalExperience,blueTotalMinionsKilled,blueTotalJungleMinionsKilled,blueGoldDiff,blueExperienceDiff,blueCSPerMin,blueGoldPerMin,redWardsPlaced,redWardsDestroyed,redFirstBlood,redKills,redDeaths,redAssists,redEliteMonsters,redDragons,redHeralds,redTowersDestroyed,redTotalGold,redAvgLevel,redTotalExperience,redTotalMinionsKilled,redTotalJungleMinionsKilled,redGoldDiff,redExperienceDiff,redCSPerMin,redGoldPerMin
4519157822,0,28,2,1,9,6,11,0,0,0,0,17210,6.6,17039,195,36,643,-8,19.5,1721.0,15,6,0,6,9,8,0,0,0,0,16567,6.8,17047,197,55,-643,8,19.7,1656.7
4523371949,0,12,1,0,5,5,5,0,0,0,0,14712,6.6,16265,174,43,-2908,-1173,17.4,1471.2,12,1,1,5,5,2,2,1,1,1,17620,6.8,17438,240,52,2908,1173,24.0,1762.0
4521474530,0,15,0,0,7,11,4,1,1,0,0,16113,6.4,16221,186,46,-1172,-1033,18.6,1611.3,15,3,1,11,7,14,0,0,0,0,17285,6.8,17254,203,28,1172,1033,20.3,1728.5
4524384067,0,43,1,0,4,5,5,1,0,1,0,15157,7.0,17954,201,55,-1321,-7,20.1,1515.7,15,2,1,5,4,10,0,0,0,0,16478,7.0,17961,235,47,1321,7,23.5,1647.8
4436033771,0,75,4,0,6,6,6,0,0,0,0,16400,7.0,18543,210,57,-1004,230,21.0,1640.0,17,2,1,6,6,7,1,1,0,0,17404,7.0,18313,225,67,1004,-230,22.5,1740.4
4475365709,1,18,0,0,5,3,6,1,1,0,0,15899,7.0,18161,225,42,698,101,22.5,1589.9,36,5,1,3,5,2,0,0,0,0,15201,7.0,18060,221,59,-698,-101,22.1,1520.1
4493010632,1,18,3,1,7,6,7,1,1,0,0,16874,6.8,16967,225,53,2411,1563,22.5,1687.4,57,1,0,6,7,9,0,0,0,0,14463,6.4,15404,164,35,-2411,-1563,16.4,1446.3
4496759358,0,16,2,0,5,13,3,0,0,0,0,15305,6.4,16138,209,48,-2615,-800,20.9,1530.5,15,0,1,13,5,11,1,1,0,0,17920,6.6,16938,157,54,2615,800,15.7,1792.0
4443048030,0,16,3,0,7,7,8,0,0,0,0,16401,7.2,18527,189,61,-1979,-771,18.9,1640.1,15,2,1,7,7,5,2,1,1,0,18380,7.2,19298,240,53,1979,771,24.0,1838.0
4509433346,1,13,1,1,4,5,5,1,1,0,0,15057,6.8,16805,220,39,-1548,-1574,22.0,1505.7,16,2,0,5,4,4,0,0,0,0,16605,6.8,18379,247,43,1548,1574,24.7,1660.5
4452162573,0,20,3,1,4,4,6,0,0,0,0,15474,6.6,16611,231,28,331,-1585,23.1,1547.4,15,2,0,4,4,5,1,1,0,0,15143,7.2,18196,216,51,-331,1585,21.6,1514.3
4453038156,0,33,2,1,11,11,7,1,0,1,0,16695,7.0,18507,157,40,-1505,-635,15.7,1669.5,17,1,0,11,11,9,0,0,0,0,18200,7.0,19142,188,52,1505,635,18.8,1820.0
4515594785,1,18,1,1,7,1,11,1,1,0,0,17865,7.4,19102,238,53,3274,1659,23.8,1786.5,12,1,0,1,7,1,0,0,0,0,14591,6.8,17443,240,50,-3274,-1659,24.0,1459.1
4524924257,0,14,3,0,4,9,1,1,0,1,0,14979,6.6,17213,210,52,-3414,-1141,21.0,1497.9,20,3,1,9,4,11,0,0,0,0,18393,7.2,18354,229,51,3414,1141,22.9,1839.3
4516505202,1,15,3,1,4,4,4,0,0,0,0,15722,6.8,17896,224,51,-470,-187,22.4,1572.2,102,1,0,4,4,3,0,0,0,0,16192,7.0,18083,242,48,470,187,24.2,1619.2
4482120064,0,17,1,0,3,7,3,0,0,0,0,15015,6.8,16974,209,53,-1996,-1804,20.9,1501.5,18,3,1,7,3,13,0,0,0,0,17011,7.2,18778,237,51,1996,1804,23.7,1701.1
4523758462,1,14,1,1,10,2,8,0,0,0,0,19733,7.6,20862,263,56,5228,3378,26.3,1973.3,13,2,0,2,10,2,1,1,0,0,14505,6.8,17484,210,64,-5228,-3378,21.0,1450.5
4503636905,0,43,3,0,3,7,3,1,0,1,0,14852,6.8,16888,203,54,-1975,-1345,20.3,1485.2,17,14,1,7,3,6,0,0,0,0,16827,6.8,18233,218,53,1975,1345,21.8,1682.7
4486384947,1,21,4,1,5,4,11,0,0,0,0,16282,6.8,17378,213,49,882,512,21.3,1628.2,19,3,0,4,5,3,2,1,1,0,15400,6.6,16866,228,52,-882,-512,22.8,1540.0
4457103291,0,11,3,0,5,9,5,0,0,0,0,14994,7.0,17924,188,48,-3155,-2773,18.8,1499.4,15,1,1,9,5,9,0,0,0,0,18149,7.4,20697,219,56,3155,2773,21.9,1814.9
4472164226,1,14,3,1,11,6,15,1,1,0,0,18606,7.2,19254,214,45,2526,1625,21.4,1860.6,12,2,0,6,11,4,0,0,0,0,16080,7.0,17629,225,48,-2526,-1625,22.5,1608.0
4445294621,0,13,1,0,4,13,5,0,0,0,0,15878,6.8,16945,203,43,-2835,-2821,20.3,1587.8,15,3,1,13,4,14,1,1,0,0,18713,7.2,19766,209,45,2835,2821,20.9,1871.3
4480384157,0,17,2,0,4,6,3,0,0,0,0,15773,7.0,17562,238,56,-1254,-567,23.8,1577.3,16,3,1,6,4,10,1,1,0,0,17027,7.0,18129,231,60,1254,567,23.1,1702.7
4520898233,0,78,4,0,4,3,4,2,1,1,0,15906,6.8,19219,238,67,406,1283,23.8,1590.6,15,3,1,3,4,3,0,0,0,0,15500,7.0,17936,220,64,-406,-1283,22.0,1550.0
4522124566,1,33,3,0,6,9,10,0,0,0,0,16515,6.8,17223,208,45,-1020,493,20.8,1651.5,18,3,1,9,6,13,0,0,0,0,17535,6.6,16730,197,36,1020,-493,19.7,1753.5
4523978853,0,17,1,0,4,8,4,0,0,0,0,15415,6.2,16047,204,44,-2472,-1067,20.4,1541.5,19,2,1,8,4,13,1,1,0,0,17887,7.0,17114,221,36,2472,1067,22.1,1788.7
4507834811,1,18,1,0,8,6,9,1,1,0,0,17178,7.0,17854,209,44,1260,-55,20.9,1717.8,10,3,1,6,8,3,0,0,0,0,15918,6.8,17909,233,36,-1260,55,23.3,1591.8
4501319968,0,19,3,1,7,4,9,0,0,0,0,17226,7.0,18982,228,61,1857,2015,22.8,1722.6,14,4,0,4,7,2,1,1,0,0,15369,6.6,16967,202,49,-1857,-2015,20.2,1536.9
4519148589,0,105,5,1,8,6,13,1,1,0,0,17474,6.8,17436,217,53,1320,-413,21.7,1747.4,65,3,0,6,8,11,0,0,0,0,16154,6.8,17849,223,40,-1320,413,22.3,1615.4
4484877784,0,18,5,0,3,8,2,1,1,0,0,14905,6.8,17974,233,52,-3282,-1647,23.3,1490.5,18,3,1,8,3,12,0,0,0,0,18187,7.4,19621,225,52,3282,1647,22.5,1818.7
4466931235,1,22,7,1,9,4,10,1,1,0,0,18132,7.0,18076,228,40,2883,2111,22.8,1813.2,21,4,0,4,9,2,0,0,0,0,15249,6.2,15965,227,36,-2883,-2111,22.7,1524.9
4524189570,1,17,4,1,5,2,6,2,1,1,0,16053,6.8,17406,218,51,1703,1696,21.8,1605.3,15,2,0,2,5,2,0,0,0,0,14350,6.4,15710,206,48,-1703,-1696,20.6,1435.0
4503380070,0,12,3,0,6,4,7,0,0,0,0,16438,6.8,16989,203,32,608,-85,20.3,1643.8,19,2,1,4,6,4,1,1,0,0,15830,6.8,17074,206,44,-608,85,20.6,1583.0
4497858921,0,15,2,1,5,4,4,0,0,0,0,15634,6.8,16355,201,45,71,-359,20.1,1563.4,14,1,0,4,5,4,1,1,0,0,15563,6.8,16714,222,38,-71,359,22.2,1556.3
4509242024,1,40,2,0,6,4,4,0,0,0,0,16085,7.4,19076,204,56,275,872,20.4,1608.5,15,1,1,4,6,5,1,1,0,0,15810,7.2,18204,223,62,-275,-872,22.3,1581.0
4524296550,0,24,3,0,3,4,6,0,0,0,0,14981,6.8,17082,235,52,-809,638,23.5,1498.1,17,2,1,4,3,7,2,1,1,0,15790,6.8,16444,218,50,809,-638,21.8,1579.0
4516034199,0,12,4,0,2,8,2,1,1,0,0,15421,7.2,19276,217,84,-2771,-1125,21.7,1542.1,14,2,1,8,2,5,0,0,0,0,18192,7.4,20401,234,64,2771,1125,23.4,1819.2
4504386463,0,20,2,1,5,6,4,1,0,1,0,15665,6.8,17716,203,48,-1730,-1236,20.3,1566.5,40,4,0,6,5,6,1,1,0,0,17395,7.0,18952,214,67,1730,1236,21.4,1739.5
4523799496,0,11,3,0,7,9,5,1,0,1,0,17528,7.2,19609,234,68,-904,1377,23.4,1752.8,18,1,1,9,7,9,1,1,0,0,18432,7.0,18232,227,40,904,-1377,22.7,1843.2
4379931850,0,18,2,0,3,6,3,1,0,1,0,15032,6.6,16832,213,48,-1683,-1363,21.3,1503.2,36,3,1,6,3,6,1,1,0,0,16715,7.0,18195,236,44,1683,1363,23.6,1671.5
4523858150,0,28,3,0,4,11,3,0,0,0,0,15483,6.8,17362,222,48,-3025,-1833,22.2,1548.3,41,0,1,11,4,16,1,1,0,0,18508,7.2,19195,213,39,3025,1833,21.3,1850.8
4459778854,1,36,1,0,10,6,12,0,0,0,0,19226,7.4,20118,231,44,3004,2300,23.1,1922.6,16,2,1,6,10,7,0,0,0,0,16222,7.0,17818,185,39,-3004,-2300,18.5,1622.2
4499523222,1,18,3,0,9,6,14,1,1,0,0,16945,6.8,17806,204,36,1574,761,20.4,1694.5,17,2,1,6,9,6,0,0,0,0,15371,6.8,17045,194,54,-1574,-761,19.4,1537.1
4477029310,1,12,2,1,5,5,3,0,0,0,0,15000,6.6,16493,233,16,-1036,-1423,23.3,1500.0,19,1,0,5,5,4,0,0,0,0,16036,7.0,17916,221,44,1036,1423,22.1,1603.6
4525037711,0,18,4,1,3,4,2,1,0,1,0,15888,7.4,19090,252,60,16,433,25.2,1588.8,39,4,0,4,3,2,1,1,0,0,15872,7.0,18657,243,49,-16,-433,24.3,1587.2
4459414345,0,41,0,0,1,10,0,0,0,0,0,12925,6.4,15498,187,32,-6386,-4210,18.7,1292.5,12,1,1,10,1,6,1,0,1,1,19311,7.2,19708,247,56,6386,4210,24.7,1931.1
4505664040,1,14,4,1,11,2,9,0,0,0,0,19250,7.6,19703,251,48,5096,3310,25.1,1925.0,15,3,0,2,11,2,0,0,0,0,14154,6.4,16393,196,53,-5096,-3310,19.6,1415.4
4439587692,1,19,1,1,8,4,5,1,1,0,1,18355,7.0,18790,218,54,2756,1683,21.8,1835.5,13,5,0,4,8,5,0,0,0,0,15599,6.8,17107,200,57,-2756,-1683,20.0,1559.9
4508000311,1,15,2,0,2,3,2,1,0,1,0,13978,6.6,16429,180,44,-977,-1025,18.0,1397.8,12,4,1,3,2,1,0,0,0,0,14955,6.8,17454,218,56,977,1025,21.8,1495.5
4513365614,0,16,1,0,5,5,8,0,0,0,0,15851,6.8,17366,206,56,-808,-1655,20.6,1585.1,38,6,1,5,5,6,0,0,0,0,16659,7.2,19021,241,44,808,1655,24.1,1665.9
4473252742,0,14,0,0,7,9,5,0,0,0,0,16474,6.6,17408,209,50,-1559,-407,20.9,1647.4,22,4,1,9,7,13,1,1,0,0,18033,6.8,17815,206,53,1559,407,20.6,1803.3
4438138890,1,18,0,0,6,8,6,0,0,0,0,16590,7.0,18284,213,49,544,75,21.3,1659.0,12,1,1,8,6,7,0,0,0,0,16046,7.0,18209,182,44,-544,-75,18.2,1604.6
4467008289,1,22,4,1,5,2,2,2,1,1,0,15737,7.0,18634,217,53,1381,1017,21.7,1573.7,16,3,0,2,5,1,0,0,0,0,14356,7.0,17617,212,60,-1381,-1017,21.2,1435.6
4492625917,1,37,2,1,5,3,5,0,0,0,0,16990,7.4,19634,248,54,2031,1449,24.8,1699.0,15,1,0,3,5,5,1,1,0,0,14959,7.0,18185,210,68,-2031,-1449,21.0,1495.9
4502901044,0,14,4,0,3,3,2,1,1,0,0,15297,7.0,19210,246,56,131,370,24.6,1529.7,20,2,1,3,3,1,0,0,0,0,15166,7.2,18840,227,64,-131,-370,22.7,1516.6
4467732013,0,16,2,0,4,10,4,1,0,1,0,15651,7.0,17696,224,53,-2699,-2749,22.4,1565.1,30,2,1,10,4,11,1,1,0,0,18350,7.4,20445,201,54,2699,2749,20.1,1835.0
4514402510,0,17,0,1,5,7,7,1,1,0,0,15587,6.8,16746,181,63,-1672,-2698,18.1,1558.7,14,0,0,7,5,6,0,0,0,0,17259,7.4,19444,218,76,1672,2698,21.8,1725.9
4521277262,1,19,3,1,10,6,11,1,1,0,0,17777,7.2,18131,213,42,1201,316,21.3,1777.7,18,4,0,6,10,5,0,0,0,0,16576,6.8,17815,234,44,-1201,-316,23.4,1657.6
4521752962,1,29,3,1,7,5,5,2,1,1,0,16426,7.0,18407,222,55,-108,59,22.2,1642.6,14,4,0,5,7,4,0,0,0,0,16534,6.8,18348,247,44,108,-59,24.7,1653.4
4514070165,0,12,0,0,10,7,11,0,0,0,1,20278,7.2,19575,236,58,4633,2269,23.6,2027.8,20,1,1,7,10,6,1,1,0,0,15645,6.6,17306,182,45,-4633,-2269,18.2,1564.5
4525056568,0,18,4,0,2,7,0,0,0,0,0,13791,6.6,16437,191,62,-2262,-1391,19.1,1379.1,18,3,1,7,2,4,1,1,0,0,16053,6.8,17828,218,48,2262,1391,21.8,1605.3
4521255103,0,24,3,0,6,7,5,0,0,0,0,16505,7.0,17667,208,70,-49,500,20.8,1650.5,17,2,1,7,6,10,1,1,0,0,16554,6.8,17167,207,45,49,-500,20.7,1655.4
4510728488,1,18,2,1,6,4,4,1,1,0,0,17277,7.2,19610,229,54,1687,1089,22.9,1727.7,36,3,0,4,6,5,1,0,1,0,15590,7.2,18521,232,56,-1687,-1089,23.2,1559.0
4516919746,1,122,3,1,9,1,10,2,1,1,0,18269,7.2,19659,229,68,3933,2922,22.9,1826.9,14,3,0,1,9,1,0,0,0,0,14336,6.4,16737,233,40,-3933,-2922,23.3,1433.6
4499868617,0,12,4,0,4,10,3,1,1,0,0,14166,6.6,15959,203,41,-4061,-4397,20.3,1416.6,16,2,1,10,4,6,0,0,0,0,18227,7.4,20356,224,72,4061,4397,22.4,1822.7
4514234813,0,52,2,0,6,12,7,0,0,0,0,15456,6.6,16280,188,42,-4920,-3280,18.8,1545.6,15,1,1,12,6,11,1,0,1,1,20376,7.4,19560,240,62,4920,3280,24.0,2037.6
4513591449,0,19,2,0,4,5,2,0,0,0,0,15180,7.0,17773,210,52,-1705,-1839,21.0,1518.0,11,4,1,5,4,1,0,0,0,0,16885,7.2,19612,227,62,1705,1839,22.7,1688.5
4471416203,0,32,4,1,7,8,8,1,1,0,0,16179,6.8,16814,212,46,105,-1547,21.2,1617.9,24,5,0,8,7,5,1,0,1,0,16074,7.0,18361,200,42,-105,1547,20.0,1607.4
4521227315,1,14,0,0,3,5,3,0,0,0,0,16026,7.0,18490,233,57,-554,521,23.3,1602.6,11,1,1,5,3,6,1,1,0,0,16580,6.8,17969,234,44,554,-521,23.4,1658.0
4424144387,0,19,5,1,4,5,4,0,0,0,0,14850,6.8,17145,198,53,-1037,-1577,19.8,1485.0,18,4,0,5,4,5,1,1,0,0,15887,7.0,18722,241,44,1037,1577,24.1,1588.7
4517806218,0,16,2,1,9,8,7,1,0,1,0,17347,7.0,18573,202,62,-1144,480,20.2,1734.7,13,5,0,8,9,11,1,1,0,1,18491,7.0,18093,199,45,1144,-480,19.9,1849.1
4479974478,1,36,0,1,5,4,6,0,0,0,0,15887,6.8,17591,200,32,1173,953,20.0,1588.7,12,1,0,4,5,3,1,1,0,0,14714,6.6,16638,186,63,-1173,-953,18.6,1471.4
4423018162,0,18,2,1,8,2,11,0,0,0,0,17399,7.0,19449,232,44,3194,2534,23.2,1739.9,13,3,0,2,8,2,1,1,0,0,14205,6.6,16915,208,51,-3194,-2534,20.8,1420.5
4518401885,0,13,3,1,2,7,1,1,1,0,0,13828,6.6,16629,204,38,-2622,-1136,20.4,1382.8,12,0,0,7,2,7,0,0,0,0,16450,6.8,17765,192,36,2622,1136,19.2,1645.0
4525208730,1,15,3,1,6,4,4,1,1,0,0,16645,7.2,19110,242,52,1151,470,24.2,1664.5,15,2,0,4,6,3,1,0,1,0,15494,7.0,18640,205,50,-1151,-470,20.5,1549.4
4512774492,1,50,4,1,6,4,8,2,1,1,0,16248,6.8,17200,200,52,1463,1490,20.0,1624.8,48,2,0,4,6,8,0,0,0,0,14785,6.6,15710,169,52,-1463,-1490,16.9,1478.5
4522772001,0,14,2,0,4,6,1,0,0,0,0,15310,7.0,18337,221,52,-1038,-1307,22.1,1531.0,15,2,1,6,4,5,2,1,1,0,16348,7.2,19644,226,66,1038,1307,22.6,1634.8
4464439713,1,17,2,1,8,4,7,1,0,1,0,16784,6.6,17242,212,40,1424,1060,21.2,1678.4,13,4,0,4,8,5,0,0,0,0,15360,6.4,16182,180,61,-1424,-1060,18.0,1536.0
4479823004,1,18,1,0,13,9,18,1,1,0,0,19032,7.4,18951,232,44,527,721,23.2,1903.2,12,4,1,9,13,5,0,0,0,0,18505,7.0,18230,216,63,-527,-721,21.6,1850.5
4507330276,0,17,5,0,7,6,12,0,0,0,0,17518,7.2,18342,242,46,1807,932,24.2,1751.8,52,4,1,6,7,9,2,1,1,0,15711,6.8,17410,198,60,-1807,-932,19.8,1571.1
4447392049,0,43,6,1,11,4,12,1,0,1,0,18976,7.4,20326,256,43,2856,1262,25.6,1897.6,16,0,0,4,11,6,1,1,0,0,16120,7.2,19064,210,72,-2856,-1262,21.0,1612.0
4521089901,0,12,1,0,6,6,10,1,1,0,0,16143,6.6,16617,204,56,-964,-2454,20.4,1614.3,13,1,1,6,6,3,1,0,1,0,17107,7.0,19071,241,56,964,2454,24.1,1710.7
4427944005,0,20,2,0,7,8,6,1,0,1,0,15868,7.0,17111,199,51,-178,524,19.9,1586.8,42,7,1,8,7,6,1,1,0,0,16046,6.8,16587,178,47,178,-524,17.8,1604.6
4509784380,1,18,3,0,9,8,7,1,1,0,0,17977,7.0,18162,235,41,705,192,23.5,1797.7,16,0,1,8,9,8,0,0,0,0,17272,7.0,17970,207,44,-705,-192,20.7,1727.2
4524411421,1,16,0,0,10,10,14,1,1,0,0,18138,7.0,18159,208,55,908,306,20.8,1813.8,15,1,1,10,10,16,0,0,0,0,17230,7.0,17853,210,44,-908,-306,21.0,1723.0
4519898107,1,14,2,0,7,2,12,2,1,1,0,18025,7.2,19864,261,68,3558,3243,26.1,1802.5,25,0,1,2,7,3,0,0,0,0,14467,6.8,16621,220,56,-3558,-3243,22.0,1446.7
4517633575,0,12,6,0,1,6,0,0,0,0,0,14625,6.8,17769,241,56,-1299,-49,24.1,1462.5,53,1,1,6,1,3,1,1,0,0,15924,7.0,17818,218,47,1299,49,21.8,1592.4
4521948875,1,16,4,0,5,8,7,1,1,0,0,15752,6.6,17113,201,48,-1763,-1864,20.1,1575.2,19,2,1,8,5,6,0,0,0,0,17515,7.2,18977,248,40,1763,1864,24.8,1751.5
4509102299,1,15,0,0,10,4,12,0,0,0,0,18480,7.4,19565,232,64,2547,2189,23.2,1848.0,12,1,1,4,10,4,0,0,0,0,15933,6.6,17376,247,41,-2547,-2189,24.7,1593.3
4525041896,0,13,3,0,3,10,2,1,1,0,0,14995,6.6,16206,210,53,-3685,-3119,21.0,1499.5,20,3,1,10,3,13,1,0,1,0,18680,7.4,19325,200,67,3685,3119,20.0,1868.0
4515706467,0,83,13,1,7,11,3,0,0,0,0,15655,6.4,15827,194,25,-3689,-4682,19.4,1565.5,35,2,0,11,7,7,1,1,0,0,19344,7.2,20509,216,59,3689,4682,21.6,1934.4
4476006621,0,17,4,1,3,5,2,0,0,0,0,15562,7.2,18590,236,73,-764,803,23.6,1556.2,33,4,0,5,3,6,2,1,1,0,16326,6.8,17787,233,46,764,-803,23.3,1632.6
4499940691,1,16,3,1,9,2,5,0,0,0,0,17139,7.2,19137,223,51,3037,2694,22.3,1713.9,14,2,0,2,9,2,1,1,0,0,14102,6.6,16443,213,41,-3037,-2694,21.3,1410.2
4426644547,1,14,4,1,7,7,6,0,0,0,1,19229,7.2,18820,257,62,3545,2162,25.7,1922.9,19,3,0,7,7,10,1,1,0,0,15684,6.6,16658,145,36,-3545,-2162,14.5,1568.4
4525072812,0,14,2,0,7,7,10,1,1,0,0,16972,7.2,19060,209,48,-1031,-394,20.9,1697.2,16,4,1,7,7,7,0,0,0,0,18003,7.4,19454,255,60,1031,394,25.5,1800.3
4524217548,0,17,1,0,5,10,6,0,0,0,0,16249,7.0,18383,213,59,-1796,-749,21.3,1624.9,16,2,1,10,5,15,1,1,0,0,18045,7.0,19132,214,44,1796,749,21.4,1804.5
4499622849,1,16,6,1,5,4,9,0,0,0,0,16415,6.8,17645,247,37,1626,747,24.7,1641.5,17,2,0,4,5,5,1,1,0,0,14789,7.0,16898,203,51,-1626,-747,20.3,1478.9
4499844894,1,40,1,0,6,8,10,1,0,1,0,18012,7.2,19837,250,70,832,1330,25.0,1801.2,12,1,1,8,6,11,1,1,0,0,17180,7.0,18507,186,48,-832,-1330,18.6,1718.0
4460534353,1,16,0,0,11,6,11,2,1,1,0,19294,7.4,20668,242,52,2750,2647,24.2,1929.4,14,2,1,6,11,9,0,0,0,0,16544,7.0,18021,203,52,-2750,-2647,20.3,1654.4
4495269641,0,16,1,0,5,8,4,1,0,1,0,15383,6.8,17243,227,28,-1524,-827,22.7,1538.3,11,3,1,8,5,11,0,0,0,0,16907,7.0,18070,186,39,1524,827,18.6,1690.7
4524995677,0,16,4,1,6,8,2,1,1,0,0,15777,6.6,17401,224,53,-1370,-875,22.4,1577.7,20,2,0,8,6,9,0,0,0,0,17147,7.0,18276,210,36,1370,875,21.0,1714.7
4464596479,0,14,3,0,4,6,4,0,0,0,0,14805,6.6,17323,209,43,-1506,-412,20.9,1480.5,17,3,1,6,4,7,1,1,0,0,16311,7.0,17735,231,44,1506,412,23.1,1631.1
4452452649,0,13,5,0,6,7,2,0,0,0,0,15244,6.6,16787,199,52,-1101,-718,19.9,1524.4,17,4,1,7,6,5,2,1,1,0,16345,7.0,17505,212,40,1101,718,21.2,1634.5
4420481816,0,18,4,0,8,3,7,1,0,1,0,17574,7.2,19195,252,44,2774,2207,25.2,1757.4,15,4,1,3,8,2,1,1,0,0,14800,6.6,16988,225,47,-2774,-2207,22.5,1480.0
4412895789,0,24,0,0,8,11,9,0,0,0,0,16655,7.0,17831,222,44,-1806,-588,22.2,1665.5,13,3,1,11,8,13,2,1,1,0,18461,7.0,18419,215,55,1806,588,21.5,1846.1
4525114135,0,12,5,0,6,4,8,1,1,0,0,16855,7.0,18370,248,44,1265,1248,24.8,1685.5,16,5,1,4,6,4,1,0,1,0,15590,6.8,17122,207,52,-1265,-1248,20.7,1559.0
4496624699,1,17,3,0,6,14,4,0,0,0,0,15786,6.6,16995,200,46,-4443,-4140,20.0,1578.6,16,3,1,14,6,9,1,1,0,0,20229,7.6,21135,227,66,4443,4140,22.7,2022.9
4522663961,0,19,3,0,3,5,1,0,0,0,0,15143,7.2,19080,233,59,-927,967,23.3,1514.3,16,4,1,5,3,7,1,1,0,0,16070,7.0,18113,216,48,927,-967,21.6,1607.0
4522251387,1,12,3,1,9,5,9,0,0,0,0,17309,7.0,18904,221,36,1425,728,22.1,1730.9,14,2,0,5,9,3,2,1,1,0,15884,6.8,18176,208,44,-1425,-728,20.8,1588.4
4472377536,1,14,3,0,6,4,6,1,1,0,0,16416,7.4,19684,211,60,1177,1161,21.1,1641.6,14,0,1,4,6,2,0,0,0,0,15239,7.0,18523,204,71,-1177,-1161,20.4,1523.9
4466226469,1,19,2,1,2,7,2,1,1,0,0,15222,7.0,17812,231,64,-1586,410,23.1,1522.2,17,5,0,7,2,14,1,0,1,0,16808,6.8,17402,211,64,1586,-410,21.1,1680.8
4473936532,0,16,2,0,5,10,3,2,1,1,0,15526,6.8,17629,232,44,-2896,-2081,23.2,1552.6,15,2,1,10,5,6,0,0,0,0,18422,7.4,19710,236,76,2896,2081,23.6,1842.2
4524445302,1,18,1,0,12,9,10,0,0,0,0,17597,6.4,15938,143,48,905,1054,14.3,1759.7,12,3,1,9,12,9,0,0,0,0,16692,6.2,14884,181,40,-905,-1054,18.1,1669.2
4459740551,0,17,1,1,9,17,17,0,0,0,0,16834,6.2,14815,187,29,-3887,-3392,18.7,1683.4,31,1,0,17,9,21,0,0,0,0,20721,7.0,18207,211,40,3887,3392,21.1,2072.1
4463542711,1,32,2,1,12,6,12,1,1,0,0,19058,7.2,19575,202,47,3413,2984,20.2,1905.8,16,2,0,6,12,7,0,0,0,0,15645,6.6,16591,210,39,-3413,-2984,21.0,1564.5
4508629003,0,16,2,1,7,9,5,2,1,1,0,16806,7.0,18034,228,48,-256,-1580,22.8,1680.6,34,2,0,9,7,7,0,0,0,0,17062,7.4,19614,230,52,256,1580,23.0,1706.2
4475094281,1,19,5,1,7,10,7,0,0,0,0,16643,6.8,17554,227,44,-1820,-1412,22.7,1664.3,17,7,0,10,7,11,0,0,0,0,18463,7.2,18966,231,45,1820,1412,23.1,1846.3
4513430767,1,14,1,1,6,4,12,1,1,0,0,16189,6.8,17737,224,39,625,-534,22.4,1618.9,102,1,0,4,6,4,0,0,0,0,15564,7.0,18271,217,48,-625,534,21.7,1556.4
4508634893,0,12,2,0,2,6,1,0,0,0,0,14095,6.8,17286,196,60,-3628,-2009,19.6,1409.5,14,2,1,6,2,4,1,1,0,0,17723,7.0,19295,266,60,3628,2009,26.6,1772.3
4522792360,0,30,6,1,5,5,7,1,0,1,0,16804,6.8,17544,217,67,769,480,21.7,1680.4,16,4,0,5,5,6,1,1,0,0,16035,6.4,17064,233,54,-769,-480,23.3,1603.5
4507927084,0,18,5,0,8,8,8,1,1,0,0,17305,7.0,18192,229,43,-576,-682,22.9,1730.5,18,3,1,8,8,6,1,0,1,0,17881,7.0,18874,198,66,576,682,19.8,1788.1
4522505411,0,14,16,0,3,9,2,0,0,0,0,14539,6.4,16806,213,40,-3900,-3550,21.3,1453.9,42,2,1,9,3,8,1,1,0,0,18439,7.6,20356,255,51,3900,3550,25.5,1843.9
4454104215,1,14,2,0,9,8,10,1,1,0,0,17530,7.0,18299,192,43,-7,-231,19.2,1753.0,19,2,1,8,9,8,1,0,1,0,17537,7.2,18530,209,60,7,231,20.9,1753.7
4516166112,1,13,6,1,10,7,10,0,0,0,0,18431,7.2,19562,207,44,1683,1433,20.7,1843.1,14,3,0,7,10,5,1,1,0,0,16748,7.0,18129,231,56,-1683,-1433,23.1,1674.8
4454239214,0,16,4,0,3,10,2,0,0,0,0,14032,6.8,16550,193,40,-4782,-3408,19.3,1403.2,17,8,1,10,3,11,1,1,0,0,18814,7.4,19958,245,51,4782,3408,24.5,1881.4
4517801069,1,38,3,1,9,7,11,1,1,0,0,17869,7.0,17810,205,40,636,-214,20.5,1786.9,14,1,0,7,9,9,0,0,0,0,17233,6.8,18024,215,48,-636,214,21.5,1723.3
4518738712,1,40,1,0,7,14,6,1,1,0,0,15974,6.2,16174,183,37,-3421,-2624,18.3,1597.4,13,4,1,14,7,12,0,0,0,0,19395,7.2,18798,219,49,3421,2624,21.9,1939.5
4497571086,1,18,5,0,5,3,6,1,1,0,0,16108,7.2,18920,240,61,976,1599,24.0,1610.8,39,3,1,3,5,5,0,0,0,0,15132,6.8,17321,230,42,-976,-1599,23.0,1513.2
4477243448,0,40,3,0,6,7,6,0,0,0,0,16302,6.8,17297,212,52,-211,-1305,21.2,1630.2,17,4,1,7,6,7,1,0,1,0,16513,7.2,18602,211,46,211,1305,21.1,1651.3
4386507847,1,18,5,0,7,5,6,0,0,0,0,16750,6.8,17603,215,52,1221,462,21.5,1675.0,35,3,1,5,7,5,0,0,0,0,15529,6.8,17141,197,48,-1221,-462,19.7,1552.9
4474136526,1,17,5,0,7,1,8,0,0,0,0,16506,7.2,18669,226,36,2037,1291,22.6,1650.6,35,3,1,1,7,0,1,1,0,0,14469,6.6,17378,217,80,-2037,-1291,21.7,1446.9
4523618632,1,15,5,1,6,3,11,1,1,0,0,16389,7.0,17937,241,36,817,-94,24.1,1638.9,38,2,0,3,6,3,0,0,0,0,15572,6.8,18031,229,58,-817,94,22.9,1557.2
4507859079,1,18,2,1,4,4,4,0,0,0,0,15760,7.0,18295,215,48,-137,-351,21.5,1576.0,15,1,0,4,4,1,1,1,0,0,15897,7.0,18646,227,72,137,351,22.7,1589.7
4524740998,1,43,6,1,4,7,4,1,1,0,0,15176,6.4,16820,226,33,-1539,-1497,22.6,1517.6,23,9,0,7,4,12,0,0,0,0,16715,7.2,18317,205,52,1539,1497,20.5,1671.5
4512162103,0,13,5,0,5,7,4,0,0,0,0,15196,6.4,16908,191,48,-1707,-1286,19.1,1519.6,62,3,1,7,5,10,1,1,0,0,16903,7.0,18194,216,51,1707,1286,21.6,1690.3
4465066223,1,13,1,0,6,9,2,1,1,0,0,16250,7.0,17537,228,55,-556,-235,22.8,1625.0,17,1,1,9,6,13,0,0,0,0,16806,6.8,17772,143,60,556,235,14.3,1680.6
4523411488,1,20,1,1,9,7,15,1,1,0,0,16541,6.6,16779,199,37,-146,-717,19.9,1654.1,12,3,0,7,9,8,1,0,1,0,16687,6.8,17496,225,44,146,717,22.5,1668.7
4524017392,1,15,1,1,12,4,9,1,0,1,0,18657,7.2,19205,227,37,4083,2884,22.7,1865.7,15,2,0,4,12,1,1,1,0,0,14574,6.6,16321,191,52,-4083,-2884,19.1,1457.4
4513054107,1,17,1,0,5,5,6,0,0,0,0,16873,7.2,19105,223,64,1389,1418,22.3,1687.3,38,2,1,5,5,7,1,1,0,0,15484,6.8,17687,226,49,-1389,-1418,22.6,1548.4
4478629184,0,28,4,0,3,4,3,1,1,0,0,14383,6.4,15898,211,55,-890,-528,21.1,1438.3,16,2,1,4,3,5,1,0,1,0,15273,6.4,16426,208,44,890,528,20.8,1527.3
4395598976,0,12,3,1,4,9,5,0,0,0,0,14420,6.4,15196,192,32,-2519,-1095,19.2,1442.0,18,3,0,9,4,15,0,0,0,0,16939,6.4,16291,194,46,2519,1095,19.4,1693.9
4524952056,0,87,1,0,4,15,4,0,0,0,0,14720,6.2,15031,183,30,-4440,-4020,18.3,1472.0,10,1,1,15,4,14,0,0,0,0,19160,7.4,19051,201,51,4440,4020,20.1,1916.0
4453994009,1,15,3,1,7,6,7,0,0,0,0,17406,7.2,19761,251,64,1140,705,25.1,1740.6,17,1,0,6,7,4,2,1,1,0,16266,7.2,19056,190,56,-1140,-705,19.0,1626.6
4462358723,0,15,4,1,5,7,2,0,0,0,0,15210,6.4,15974,172,40,-1656,-1832,17.2,1521.0,13,5,0,7,5,3,0,0,0,0,16866,6.8,17806,219,51,1656,1832,21.9,1686.6
4512811324,1,23,3,0,10,5,16,0,0,0,0,17272,6.4,15840,192,40,2171,-261,19.2,1727.2,37,2,1,5,10,6,2,1,1,0,15101,6.6,16101,199,40,-2171,261,19.9,1510.1
4438263187,1,18,1,1,12,4,15,0,0,0,0,19358,7.2,19257,206,60,3841,2484,20.6,1935.8,14,2,0,4,12,3,0,0,0,0,15517,6.8,16773,216,56,-3841,-2484,21.6,1551.7
4483907436,1,16,3,0,4,11,5,1,0,1,1,16855,6.6,16360,232,40,-885,-2172,23.2,1685.5,37,1,1,11,4,15,1,1,0,0,17740,7.2,18532,216,36,885,2172,21.6,1774.0
4521937261,0,16,2,0,3,8,4,2,1,1,0,15209,6.6,16256,191,60,-2752,-2286,19.1,1520.9,17,4,1,8,3,9,0,0,0,0,17961,7.2,18542,241,52,2752,2286,24.1,1796.1
4515587675,1,17,3,1,13,9,22,0,0,0,0,19542,7.0,17935,207,31,2081,466,20.7,1954.2,17,4,0,9,13,11,0,0,0,0,17461,7.0,17469,200,44,-2081,-466,20.0,1746.1
4517493567,0,15,5,1,4,3,4,0,0,0,0,15267,6.6,17321,232,53,453,-19,23.2,1526.7,16,2,0,3,4,3,0,0,0,0,14814,6.8,17340,209,51,-453,19,20.9,1481.4
4469549199,0,15,2,1,3,1,3,1,1,0,0,15243,6.6,17194,224,56,830,-1002,22.4,1524.3,40,4,0,1,3,1,1,0,1,0,14413,6.8,18196,220,56,-830,1002,22.0,1441.3
4500100836,0,21,2,0,8,8,3,0,0,0,0,16214,6.8,17234,203,48,94,-445,20.3,1621.4,17,4,1,8,8,6,0,0,0,0,16120,7.0,17679,168,48,-94,445,16.8,1612.0
4451727242,0,70,2,0,8,6,12,2,1,1,0,15976,7.0,18227,178,56,-722,891,17.8,1597.6,13,1,1,6,8,6,0,0,0,0,16698,6.6,17336,232,39,722,-891,23.2,1669.8
4462194525,0,18,1,0,6,7,10,1,0,1,0,16557,6.8,17632,230,47,-1491,-799,23.0,1655.7,38,5,1,7,6,11,1,1,0,0,18048,7.0,18431,222,53,1491,799,22.2,1804.8
4481415061,0,10,1,0,6,14,3,0,0,0,0,16142,6.8,16953,198,59,-3109,-1745,19.8,1614.2,13,1,1,14,6,16,2,1,1,0,19251,7.0,18698,201,37,3109,1745,20.1,1925.1
4519169394,0,15,4,1,7,11,9,0,0,0,0,17984,7.2,18708,230,56,537,-477,23.0,1798.4,16,4,0,11,7,11,1,1,0,0,17447,7.2,19185,178,51,-537,477,17.8,1744.7
4449504375,1,15,9,0,13,5,10,2,1,1,0,20038,7.8,21588,222,71,4079,5568,22.2,2003.8,39,1,1,5,13,6,0,0,0,0,15959,6.6,16020,208,40,-4079,-5568,20.8,1595.9
4468503240,1,91,3,0,10,5,13,0,0,0,1,19571,7.2,18463,213,50,4006,2081,21.3,1957.1,17,1,1,5,10,6,0,0,0,0,15565,6.6,16382,210,47,-4006,-2081,21.0,1556.5
4495708706,0,18,2,1,3,10,4,0,0,0,0,14557,6.4,15128,200,48,-3582,-5395,20.0,1455.7,16,0,0,10,3,10,2,1,1,0,18139,7.6,20523,246,63,3582,5395,24.6,1813.9
4505357300,1,16,4,0,6,6,5,0,0,0,0,16029,7.0,18567,205,56,-355,233,20.5,1602.9,19,3,1,6,6,5,1,1,0,0,16384,7.0,18334,224,48,355,-233,22.4,1638.4
4523723534,1,18,11,1,7,6,8,0,0,0,1,18053,6.6,16741,207,46,3464,994,20.7,1805.3,41,1,0,6,7,6,0,0,0,0,14589,6.4,15747,178,22,-3464,-994,17.8,1458.9
4479157446,1,16,2,1,9,5,9,1,1,0,0,18098,7.0,18905,225,60,2217,2183,22.5,1809.8,12,1,0,5,9,3,1,0,1,0,15881,6.6,16722,229,32,-2217,-2183,22.9,1588.1
4518376722,1,13,1,1,8,3,9,2,1,1,0,18343,7.2,19519,235,59,3049,1511,23.5,1834.3,13,3,0,3,8,2,0,0,0,0,15294,7.0,18008,234,54,-3049,-1511,23.4,1529.4
4521259209,1,13,2,0,5,6,4,1,1,0,0,15596,7.0,17998,198,44,-305,-474,19.8,1559.6,25,2,1,6,5,7,0,0,0,0,15901,7.0,18472,199,40,305,474,19.9,1590.1
4471123041,0,54,3,0,4,2,6,1,1,0,0,15812,7.0,17882,229,53,1325,479,22.9,1581.2,15,3,1,2,4,1,1,0,1,0,14487,7.0,17403,218,54,-1325,-479,21.8,1448.7
4524913184,1,17,2,1,6,6,10,0,0,0,0,15947,6.4,16477,221,44,-53,87,22.1,1594.7,14,4,0,6,6,9,1,1,0,0,16000,6.4,16390,203,52,53,-87,20.3,1600.0
4514301047,0,35,1,0,5,9,5,0,0,0,0,14997,6.6,16532,196,40,-2865,-1441,19.6,1499.7,16,4,1,9,5,7,1,1,0,0,17862,6.8,17973,237,32,2865,1441,23.7,1786.2
4512184541,0,10,1,1,7,7,5,0,0,0,0,16463,6.8,17576,215,42,-93,-561,21.5,1646.3,33,0,0,7,7,8,1,1,0,0,16556,7.0,18137,217,40,93,561,21.7,1655.6
4517823800,0,19,5,1,6,7,7,0,0,0,0,16072,6.6,17054,225,46,-420,-1185,22.5,1607.2,15,3,0,7,6,10,1,1,0,0,16492,7.2,18239,212,50,420,1185,21.2,1649.2
4518835789,1,22,6,1,7,3,6,1,1,0,0,19140,7.4,19579,253,64,5008,2355,25.3,1914.0,60,6,0,3,7,3,1,0,1,0,14132,6.8,17224,179,45,-5008,-2355,17.9,1413.2
4510355472,0,19,2,1,4,6,1,0,0,0,0,14547,6.4,15883,188,53,-2074,-1795,18.8,1454.7,19,3,0,6,4,5,2,1,1,0,16621,6.8,17678,196,56,2074,1795,19.6,1662.1
4512067346,1,14,5,0,5,4,7,1,0,1,0,15644,6.8,17717,188,63,-3,1013,18.8,1564.4,20,3,1,4,5,7,0,0,0,0,15647,6.6,16704,190,48,3,-1013,19.0,1564.7
4514106633,0,15,2,1,5,5,5,0,0,0,0,15734,7.0,17911,213,47,-837,-660,21.3,1573.4,21,3,0,5,5,7,2,1,1,0,16571,7.0,18571,249,47,837,660,24.9,1657.1
4522399054,1,38,2,1,5,5,6,1,1,0,0,16794,6.8,17320,229,39,510,-747,22.9,1679.4,37,4,0,5,5,6,1,0,1,0,16284,7.2,18067,216,55,-510,747,21.6,1628.4
4519443312,0,16,3,0,6,11,8,1,1,0,0,15930,6.8,17257,200,43,-3549,-2407,20.0,1593.0,14,4,1,11,6,12,0,0,0,0,19479,7.4,19664,214,60,3549,2407,21.4,1947.9
4523035934,1,17,4,0,6,6,6,0,0,0,0,16936,7.2,18646,240,56,272,359,24.0,1693.6,56,2,1,6,6,7,1,1,0,0,16664,6.8,18287,199,68,-272,-359,19.9,1666.4
4429486916,1,18,2,1,9,5,9,0,0,0,0,17941,7.2,19379,230,51,2187,2189,23.0,1794.1,45,3,0,5,9,5,0,0,0,0,15754,7.0,17190,206,52,-2187,-2189,20.6,1575.4
4482052361,0,19,6,0,2,8,4,0,0,0,0,13698,6.2,15671,222,33,-4907,-2556,22.2,1369.8,18,7,1,8,2,11,1,0,1,1,18605,7.0,18227,242,40,4907,2556,24.2,1860.5
4522798631,1,14,3,1,5,4,3,1,1,0,0,15943,7.4,19262,238,64,63,648,23.8,1594.3,16,1,0,4,5,5,0,0,0,0,15880,7.0,18614,210,64,-63,-648,21.0,1588.0
4477176627,1,17,0,0,4,8,6,1,0,1,0,15891,7.0,18304,222,68,-2132,-484,22.2,1589.1,15,2,1,8,4,13,1,1,0,0,18023,7.0,18788,230,47,2132,484,23.0,1802.3
4475170098,0,12,4,0,5,6,5,1,0,1,0,16216,7.0,19002,211,71,-976,-964,21.1,1621.6,15,2,1,6,5,8,1,1,0,0,17192,7.6,19966,222,69,976,964,22.2,1719.2
4432091797,0,86,4,1,3,5,3,0,0,0,0,14754,6.6,17158,186,62,-1342,-1966,18.6,1475.4,36,6,0,5,3,6,1,1,0,0,16096,7.2,19124,218,54,1342,1966,21.8,1609.6
4495710198,1,16,1,1,8,2,5,1,1,0,0,16909,7.2,18318,229,40,2304,2532,22.9,1690.9,14,3,0,2,8,2,0,0,0,0,14605,6.2,15786,208,44,-2304,-2532,20.8,1460.5
4520931258,1,15,6,0,10,2,11,0,0,0,0,18858,7.2,19691,218,70,4219,3379,21.8,1885.8,83,3,1,2,10,1,1,1,0,0,14639,6.6,16312,219,56,-4219,-3379,21.9,1463.9
4424048842,0,22,7,1,6,7,7,0,0,0,0,15952,6.8,17112,180,45,-2049,-2340,18.0,1595.2,46,6,0,7,6,9,0,0,0,0,18001,7.2,19452,243,46,2049,2340,24.3,1800.1
4512915759,0,16,4,0,1,5,2,0,0,0,0,13286,6.2,15085,187,48,-4179,-3823,18.7,1328.6,20,4,1,5,1,4,1,1,0,0,17465,7.0,18908,236,67,4179,3823,23.6,1746.5
4476065129,0,17,7,0,6,6,9,0,0,0,0,16812,7.2,18466,269,40,-66,-1073,26.9,1681.2,19,5,1,6,6,3,1,1,0,0,16878,7.0,19539,245,56,66,1073,24.5,1687.8
4494781192,1,16,3,0,9,7,13,2,1,1,0,17906,6.8,18001,178,60,510,142,17.8,1790.6,14,1,1,7,9,4,0,0,0,0,17396,6.8,17859,215,56,-510,-142,21.5,1739.6
4525224702,0,15,3,1,4,3,2,1,0,1,0,16408,7.2,19181,263,53,2591,1567,26.3,1640.8,15,2,0,3,4,1,1,1,0,0,13817,6.8,17614,208,35,-2591,-1567,20.8,1381.7
4475925954,0,14,1,1,4,12,5,0,0,0,0,15056,6.4,16369,198,46,-3772,-3034,19.8,1505.6,13,1,0,12,4,20,1,1,0,1,18828,7.4,19403,177,53,3772,3034,17.7,1882.8
4516121686,0,25,1,1,6,6,11,1,1,0,0,17831,6.8,18269,240,43,965,-878,24.0,1783.1,17,2,0,6,6,7,0,0,0,0,16866,7.0,19147,233,51,-965,878,23.3,1686.6
4420667626,0,11,1,0,1,5,1,0,0,0,0,13738,6.6,16678,223,34,-3468,-2158,22.3,1373.8,14,2,1,5,1,7,2,1,1,0,17206,7.4,18836,259,70,3468,2158,25.9,1720.6
4489494110,1,25,5,1,14,3,15,0,0,0,0,20317,7.4,20330,212,54,6153,3916,21.2,2031.7,13,4,0,3,14,4,0,0,0,0,14164,6.4,16414,196,45,-6153,-3916,19.6,1416.4
4523340688,0,15,0,0,0,5,0,0,0,0,0,14091,6.4,16184,233,60,-2216,-2730,23.3,1409.1,56,2,1,5,0,8,1,1,0,0,16307,7.0,18914,229,60,2216,2730,22.9,1630.7
4496344135,0,17,4,0,6,11,4,1,1,0,0,16036,6.6,16916,191,39,-2308,-1767,19.1,1603.6,19,6,1,11,6,14,0,0,0,0,18344,7.2,18683,206,28,2308,1767,20.6,1834.4
4524697287,1,17,4,1,6,6,5,1,0,1,0,17052,6.6,17392,210,54,1917,-179,21.0,1705.2,14,2,0,6,6,3,1,1,0,0,15135,7.0,17571,194,51,-1917,179,19.4,1513.5
4523386766,0,14,4,0,4,7,6,0,0,0,0,16354,7.0,18778,268,52,-1676,-1759,26.8,1635.4,13,4,1,7,4,8,1,1,0,0,18030,7.4,20537,244,84,1676,1759,24.4,1803.0
4518474732,1,18,1,1,10,5,8,1,1,0,0,18297,7.2,19476,242,48,2709,1259,24.2,1829.7,13,0,0,5,10,7,0,0,0,0,15588,6.8,18217,214,60,-2709,-1259,21.4,1558.8
4486453937,0,17,5,0,6,8,5,0,0,0,0,15748,6.6,16524,222,36,-1304,-552,22.2,1574.8,40,6,1,8,6,12,1,1,0,0,17052,6.8,17076,216,46,1304,552,21.6,1705.2
4496397328,1,42,4,1,8,5,10,1,1,0,0,17886,7.4,20099,229,59,1824,1409,22.9,1788.6,14,1,0,5,8,5,0,0,0,0,16062,7.2,18690,222,60,-1824,-1409,22.2,1606.2
4520768462,0,17,7,0,11,8,15,0,0,0,0,17069,6.6,16703,174,38,229,-45,17.4,1706.9,17,5,1,8,11,9,2,1,1,0,16840,6.8,16748,212,44,-229,45,21.2,1684.0
4518654959,1,15,2,0,4,4,4,1,0,1,0,16631,7.2,19310,252,57,1507,1667,25.2,1663.1,29,2,1,4,4,1,0,0,0,0,15124,7.0,17643,214,56,-1507,-1667,21.4,1512.4
4519058321,0,12,3,0,1,5,3,1,1,0,0,14766,7.0,18364,231,65,-1787,-1135,23.1,1476.6,17,3,1,5,1,4,0,0,0,0,16553,7.0,19499,235,61,1787,1135,23.5,1655.3
4512960247,0,14,2,0,8,7,3,0,0,0,0,17113,7.2,19396,234,49,815,1397,23.4,1711.3,15,2,1,7,8,4,0,0,0,0,16298,6.8,17999,182,52,-815,-1397,18.2,1629.8
4445314635,0,13,2,0,5,14,6,1,1,0,0,15120,6.6,16713,167,48,-4767,-5061,16.7,1512.0,15,1,1,14,5,9,0,0,0,0,19887,7.8,21774,238,44,4767,5061,23.8,1988.7
4477030195,0,13,3,0,4,6,6,0,0,0,0,15339,6.6,16302,221,43,-1861,-2532,22.1,1533.9,15,4,1,6,4,10,1,1,0,0,17200,7.0,18834,262,64,1861,2532,26.2,1720.0
4497887298,0,68,0,0,1,14,1,1,1,0,0,13438,5.8,14164,174,53,-7655,-4485,17.4,1343.8,15,4,1,14,1,18,0,0,0,1,21093,7.0,18649,234,29,7655,4485,23.4,2109.3
4459403995,1,20,1,0,4,9,3,0,0,0,0,15582,6.8,17281,212,56,-2058,-2051,21.2,1558.2,12,6,1,9,4,11,0,0,0,0,17640,7.2,19332,224,54,2058,2051,22.4,1764.0
4489079383,1,16,3,0,5,5,7,1,1,0,0,15441,6.6,17550,201,52,-575,-208,20.1,1544.1,18,1,1,5,5,3,0,0,0,0,16016,6.8,17758,213,64,575,208,21.3,1601.6
4516695912,0,12,2,1,4,2,2,1,0,1,0,16002,7.2,18467,245,61,1765,701,24.5,1600.2,15,0,0,2,4,1,0,0,0,0,14237,6.8,17766,212,58,-1765,-701,21.2,1423.7
4490435808,0,13,5,1,5,5,8,1,0,1,0,16009,6.8,18033,220,40,540,269,22.0,1600.9,15,2,0,5,5,8,1,1,0,0,15469,6.8,17764,185,54,-540,-269,18.5,1546.9
4524895124,1,16,3,0,12,9,15,0,0,0,0,18106,6.6,16668,186,48,862,-442,18.6,1810.6,17,4,1,9,12,11,1,1,0,0,17244,6.8,17110,204,48,-862,442,20.4,1724.4
4519469738,1,35,3,1,6,2,9,1,1,0,0,16501,6.6,18428,221,44,2761,1659,22.1,1650.1,15,1,0,2,6,1,0,0,0,0,13740,6.6,16769,201,40,-2761,-1659,20.1,1374.0
4523527200,0,14,2,0,3,8,3,0,0,0,0,15505,6.8,17721,227,61,-1249,-853,22.7,1550.5,84,4,1,8,3,5,1,1,0,0,16754,7.2,18574,214,44,1249,853,21.4,1675.4
4453080532,1,35,2,0,5,5,3,0,0,0,0,16195,7.0,19145,244,60,-75,655,24.4,1619.5,17,4,1,5,5,5,1,1,0,0,16270,7.0,18490,217,52,75,-655,21.7,1627.0
4523303530,1,18,3,1,14,5,12,1,1,0,0,20294,6.8,18459,230,48,5805,4777,23.0,2029.4,17,1,0,5,14,6,0,0,0,0,14489,5.8,13682,178,28,-5805,-4777,17.8,1448.9
4495003373,0,22,4,0,5,7,3,1,0,1,0,15475,7.0,18145,198,59,-810,-305,19.8,1547.5,13,5,1,7,5,11,1,1,0,0,16285,7.0,18450,212,52,810,305,21.2,1628.5
4524303571,0,124,3,1,5,4,6,1,0,1,0,16243,7.0,18154,225,51,1034,706,22.5,1624.3,17,4,0,4,5,2,0,0,0,0,15209,6.8,17448,227,47,-1034,-706,22.7,1520.9
4490487724,1,18,1,1,3,7,2,0,0,0,0,15065,6.6,17137,231,50,-2595,-2856,23.1,1506.5,17,8,0,7,3,6,1,0,1,0,17660,7.4,19993,260,51,2595,2856,26.0,1766.0
4515381064,1,22,5,0,1,2,3,0,0,0,0,14359,6.8,17258,228,55,-334,-73,22.8,1435.9,16,1,1,2,1,1,1,1,0,0,14693,6.6,17331,223,48,334,73,22.3,1469.3
4512271556,1,13,3,1,11,4,8,2,1,1,1,19377,7.4,20008,233,44,3806,2161,23.3,1937.7,15,0,0,4,11,4,0,0,0,0,15571,7.0,17847,231,44,-3806,-2161,23.1,1557.1
4452824789,0,34,3,0,2,7,2,0,0,0,0,14135,6.8,17185,220,37,-2711,-2547,22.0,1413.5,13,2,1,7,2,7,0,0,0,0,16846,7.2,19732,230,58,2711,2547,23.0,1684.6
4481234929,1,24,1,1,8,4,8,0,0,0,0,17448,6.8,18315,242,48,2551,1754,24.2,1744.8,17,1,0,4,8,7,0,0,0,0,14897,6.6,16561,195,46,-2551,-1754,19.5,1489.7
4500668824,0,50,12,1,6,3,9,1,1,0,0,15958,6.6,17693,213,48,66,-446,21.3,1595.8,37,3,0,3,6,3,0,0,0,0,15892,6.8,18139,254,60,-66,446,25.4,1589.2
4521663948,0,16,3,0,10,5,13,1,1,0,0,18287,7.2,18402,213,52,2242,727,21.3,1828.7,36,1,1,5,10,3,0,0,0,0,16045,6.8,17675,225,47,-2242,-727,22.5,1604.5
4525067275,0,13,2,0,2,5,2,1,0,1,0,15534,7.0,17975,252,51,-893,-213,25.2,1553.4,13,4,1,5,2,8,0,0,0,0,16427,7.0,18188,231,44,893,213,23.1,1642.7
4496503390,0,33,1,0,2,5,2,0,0,0,0,14935,7.0,17703,230,56,-1208,-152,23.0,1493.5,17,1,1,5,2,8,1,1,0,0,16143,7.0,17855,248,43,1208,152,24.8,1614.3
4519912865,1,13,3,0,12,4,11,0,0,0,0,19331,7.2,19387,255,50,4003,2566,25.5,1933.1,17,1,1,4,12,5,1,1,0,0,15328,6.8,16821,215,50,-4003,-2566,21.5,1532.8
4447426572,1,17,3,0,8,6,7,1,1,0,0,17131,7.4,19719,240,43,819,2149,24.0,1713.1,13,5,1,6,8,9,0,0,0,0,16312,7.0,17570,206,52,-819,-2149,20.6,1631.2
4493407357,1,78,4,1,9,3,10,0,0,0,0,17983,7.0,18340,230,52,4009,1935,23.0,1798.3,18,0,0,3,9,1,1,0,1,0,13974,6.6,16405,183,49,-4009,-1935,18.3,1397.4
4459426947,0,16,2,0,5,6,5,1,1,0,0,16842,7.0,18443,221,58,-259,-1001,22.1,1684.2,16,4,1,6,5,6,0,0,0,0,17101,7.4,19444,247,64,259,1001,24.7,1710.1
4519988685,0,22,2,1,9,6,13,0,0,0,0,17569,6.8,17101,212,40,1728,-738,21.2,1756.9,11,2,0,6,9,7,0,0,0,0,15841,7.0,17839,180,56,-1728,738,18.0,1584.1
4519844846,0,15,5,0,5,5,3,1,0,1,0,15882,6.8,16956,241,48,474,393,24.1,1588.2,15,2,1,5,5,6,1,1,0,0,15408,6.4,16563,207,36,-474,-393,20.7,1540.8
4525070748,0,19,2,1,9,3,8,0,0,0,0,17049,6.8,17241,202,41,1863,328,20.2,1704.9,17,2,0,3,9,5,0,0,0,0,15186,6.8,16913,204,58,-1863,-328,20.4,1518.6
4465204267,0,40,4,0,1,7,1,0,0,0,0,13556,6.8,16451,200,48,-3846,-2306,20.0,1355.6,17,5,1,7,1,7,1,1,0,0,17402,7.2,18757,253,52,3846,2306,25.3,1740.2
4517684472,0,13,1,0,1,3,1,0,0,0,0,14692,7.0,18342,227,47,-2373,-1592,22.7,1469.2,17,1,1,3,1,5,1,1,0,0,17065,7.2,19934,250,76,2373,1592,25.0,1706.5
4517646191,1,15,2,0,8,7,10,1,1,0,0,17000,6.6,16417,204,49,218,-204,20.4,1700.0,14,5,1,7,8,5,0,0,0,0,16782,6.8,16621,209,55,-218,204,20.9,1678.2
4459901632,1,31,2,1,6,4,7,0,0,0,0,17200,7.2,18984,235,59,2208,1929,23.5,1720.0,20,1,0,4,6,5,0,0,0,0,14992,6.6,17055,215,40,-2208,-1929,21.5,1499.2
4495413031,0,44,2,0,5,7,2,1,1,0,0,15409,7.2,18408,217,64,-1440,-373,21.7,1540.9,17,4,1,7,5,9,0,0,0,0,16849,7.2,18781,241,52,1440,373,24.1,1684.9
4519612989,0,27,2,0,10,12,13,1,1,0,0,17283,6.4,16235,184,36,-845,-1743,18.4,1728.3,14,5,1,12,10,7,0,0,0,0,18128,6.8,17978,208,68,845,1743,20.8,1812.8
4406716520,0,16,0,0,5,9,5,0,0,0,0,15477,6.4,15965,173,47,-2635,-2694,17.3,1547.7,12,3,1,9,5,12,1,1,0,0,18112,7.0,18659,241,43,2635,2694,24.1,1811.2
4525184804,1,54,4,0,6,1,8,2,1,1,0,16763,7.0,18897,224,51,2817,2414,22.4,1676.3,37,3,1,1,6,1,0,0,0,0,13946,6.4,16483,207,56,-2817,-2414,20.7,1394.6
4524569254,1,13,3,0,9,5,4,2,1,1,0,18434,7.4,20263,223,70,2812,2497,22.3,1843.4,16,2,1,5,9,3,0,0,0,0,15622,7.2,17766,226,55,-2812,-2497,22.6,1562.2
4431143877,0,17,3,0,1,6,2,0,0,0,0,13731,6.6,16666,218,44,-3864,-2759,21.8,1373.1,24,4,1,6,1,10,1,1,0,0,17595,7.2,19425,263,48,3864,2759,26.3,1759.5
4446797537,1,14,2,0,5,6,6,1,1,0,0,17251,7.4,19984,233,76,334,955,23.3,1725.1,16,2,1,6,5,5,0,0,0,0,16917,7.0,19029,230,60,-334,-955,23.0,1691.7
4524403652,1,12,2,1,7,6,5,1,1,0,0,17051,7.0,18864,246,44,1909,2436,24.6,1705.1,16,0,0,6,7,8,0,0,0,0,15142,6.4,16428,196,40,-1909,-2436,19.6,1514.2
4524260824,0,14,1,1,7,7,6,0,0,0,0,16346,7.0,18557,209,44,-346,-358,20.9,1634.6,33,1,0,7,7,7,0,0,0,0,16692,7.2,18915,182,67,346,358,18.2,1669.2
4440119391,1,24,3,1,14,4,14,0,0,0,0,21095,7.6,21242,249,67,5802,5396,24.9,2109.5,13,5,0,4,14,5,1,1,0,0,15293,6.2,15846,186,44,-5802,-5396,18.6,1529.3
4518199999,1,14,1,1,6,4,3,1,1,0,0,16434,7.0,18641,228,47,1085,1048,22.8,1643.4,12,2,0,4,6,2,0,0,0,0,15349,6.6,17593,220,48,-1085,-1048,22.0,1534.9
4520967143,0,36,2,1,4,11,2,1,1,0,0,15834,6.8,18362,197,56,-2383,-1807,19.7,1583.4,16,1,0,11,4,7,0,0,0,0,18217,7.4,20169,182,59,2383,1807,18.2,1821.7
4498216490,1,40,7,0,8,9,9,1,0,1,0,16968,7.0,18900,214,45,306,1895,21.4,1696.8,25,4,1,9,8,10,0,0,0,0,16662,6.6,17005,208,33,-306,-1895,20.8,1666.2
4493677959,0,19,2,1,5,7,7,0,0,0,0,15949,6.8,17005,209,51,-1568,-1850,20.9,1594.9,19,5,0,7,5,8,1,1,0,0,17517,7.2,18855,215,71,1568,1850,21.5,1751.7
4523093613,1,17,3,0,5,7,3,1,1,0,0,16056,6.8,17578,234,56,-1419,-1156,23.4,1605.6,39,2,1,7,5,13,1,0,1,0,17475,7.0,18734,227,52,1419,1156,22.7,1747.5
4437257190,1,27,5,1,10,6,8,1,0,1,0,18392,6.8,18818,222,52,2263,1634,22.2,1839.2,18,1,0,6,10,5,1,1,0,0,16129,6.4,17184,213,60,-2263,-1634,21.3,1612.9
4521897707,1,17,4,1,6,2,9,0,0,0,0,16415,7.2,18271,230,43,1374,1225,23.0,1641.5,17,4,0,2,6,2,1,1,0,0,15041,6.8,17046,217,51,-1374,-1225,21.7,1504.1
4467164835,1,18,5,0,14,4,21,1,1,0,0,19948,7.4,20064,220,56,4301,3444,22.0,1994.8,66,2,1,4,14,4,0,0,0,0,15647,6.6,16620,205,60,-4301,-3444,20.5,1564.7
4521542696,1,13,0,1,9,4,6,0,0,0,0,18189,7.0,19191,220,54,3905,3713,22.0,1818.9,15,3,0,4,9,3,0,0,0,0,14284,6.2,15478,181,52,-3905,-3713,18.1,1428.4
4495464440,1,15,2,0,3,8,4,0,0,0,0,14398,6.6,15990,194,42,-2919,-2318,19.4,1439.8,16,2,1,8,3,9,1,1,0,0,17317,7.0,18308,207,51,2919,2318,20.7,1731.7
4452038425,1,22,2,1,6,0,8,1,1,0,0,17359,7.4,20592,265,59,2923,2787,26.5,1735.9,15,7,0,0,6,0,0,0,0,0,14436,6.8,17805,242,48,-2923,-2787,24.2,1443.6
4515821204,0,19,2,0,4,7,3,0,0,0,0,15817,6.8,17535,210,55,-1059,-951,21.0,1581.7,15,4,1,7,4,9,2,1,1,0,16876,7.0,18486,214,49,1059,951,21.4,1687.6
4502922066,0,12,0,0,3,5,3,1,0,1,0,15861,7.0,19121,270,52,-406,-14,27.0,1586.1,14,1,1,5,3,7,1,1,0,0,16267,7.0,19135,235,56,406,14,23.5,1626.7
4384241438,1,16,1,0,7,3,7,1,1,0,0,16355,7.0,18991,238,43,1143,1251,23.8,1635.5,11,0,1,3,7,2,0,0,0,0,15212,7.0,17740,216,59,-1143,-1251,21.6,1521.2
4466040137,1,57,3,0,11,9,13,0,0,0,0,18333,7.0,18622,225,56,736,266,22.5,1833.3,15,2,1,9,11,9,1,1,0,0,17597,7.2,18356,205,44,-736,-266,20.5,1759.7
4476661914,0,10,0,1,2,11,3,0,0,0,0,14562,6.8,16952,196,68,-4816,-3750,19.6,1456.2,12,1,0,11,2,12,1,1,0,0,19378,7.4,20702,259,48,4816,3750,25.9,1937.8
4458282675,1,18,4,0,11,6,13,2,1,1,0,19677,7.6,20488,236,57,3977,3949,23.6,1967.7,36,5,1,6,11,12,0,0,0,0,15700,6.4,16539,208,32,-3977,-3949,20.8,1570.0
4507871318,1,18,5,0,11,7,14,0,0,0,0,18793,7.0,18395,217,37,3026,3357,21.7,1879.3,20,2,1,7,11,8,1,1,0,0,15767,6.4,15038,174,37,-3026,-3357,17.4,1576.7
4431970864,0,22,3,0,4,12,0,1,1,0,0,14276,6.8,16422,190,51,-4262,-2426,19.0,1427.6,16,2,1,12,4,14,0,0,0,0,18538,7.2,18848,224,40,4262,2426,22.4,1853.8
4516600859,0,18,1,1,4,1,4,1,0,1,1,16808,6.8,17831,227,46,2476,772,22.7,1680.8,15,2,0,1,4,0,1,1,0,0,14332,6.8,17059,248,53,-2476,-772,24.8,1433.2
4499806829,0,15,2,0,3,9,3,0,0,0,0,15002,6.6,16448,217,41,-3545,-3206,21.7,1500.2,39,2,1,9,3,10,2,1,1,0,18547,7.4,19654,224,55,3545,3206,22.4,1854.7
4472532304,0,16,3,0,4,9,5,1,0,1,0,14354,6.4,15677,173,49,-4324,-2979,17.3,1435.4,30,3,1,9,4,13,1,1,0,0,18678,7.0,18656,213,55,4324,2979,21.3,1867.8
4444232401,1,11,3,0,5,6,6,1,1,0,0,15926,7.2,19262,223,63,-496,-837,22.3,1592.6,9,2,1,6,5,5,0,0,0,0,16422,7.4,20099,218,46,496,837,21.8,1642.2
4521519484,0,18,3,0,3,5,5,0,0,0,0,14742,6.6,16162,241,38,-1620,-1442,24.1,1474.2,17,2,1,5,3,6,1,1,0,0,16362,7.0,17604,226,62,1620,1442,22.6,1636.2
4515353277,1,18,3,1,6,10,8,0,0,0,0,16481,6.8,17069,201,48,-1334,-1607,20.1,1648.1,14,4,0,10,6,12,1,1,0,0,17815,7.2,18676,198,44,1334,1607,19.8,1781.5
4524248852,0,39,1,1,9,8,5,0,0,0,0,16307,7.0,17660,194,32,-796,-217,19.4,1630.7,18,6,0,8,9,10,0,0,0,0,17103,6.8,17877,215,44,796,217,21.5,1710.3
4521172111,1,39,3,1,6,2,3,1,1,0,0,16569,7.2,19120,238,44,1398,1804,23.8,1656.9,17,18,0,2,6,3,0,0,0,0,15171,6.6,17316,233,60,-1398,-1804,23.3,1517.1
4517776491,1,17,4,1,5,3,5,0,0,0,0,17322,7.0,19067,229,63,3005,1938,22.9,1732.2,18,2,0,3,5,4,0,0,0,0,14317,6.4,17129,197,32,-3005,-1938,19.7,1431.7
4519368335,0,18,4,1,3,8,2,0,0,0,0,14711,6.8,16559,222,40,-3156,-3287,22.2,1471.1,18,4,0,8,3,6,0,0,0,0,17867,7.2,19846,238,54,3156,3287,23.8,1786.7
4523639973,1,21,2,0,3,5,3,2,1,1,0,16009,7.2,18511,268,55,-473,383,26.8,1600.9,16,6,1,5,3,7,0,0,0,0,16482,6.8,18128,246,46,473,-383,24.6,1648.2
4522111616,0,14,4,0,5,10,4,0,0,0,0,15102,6.4,16437,196,36,-3397,-2282,19.6,1510.2,22,2,1,10,5,12,1,0,1,0,18499,7.0,18719,225,49,3397,2282,22.5,1849.9
4521188250,0,40,4,0,6,9,5,0,0,0,0,15499,6.8,17298,222,28,-1937,-1514,22.2,1549.9,13,5,1,9,6,12,1,1,0,0,17436,7.0,18812,204,59,1937,1514,20.4,1743.6
4493154896,1,37,6,1,10,4,10,0,0,0,0,18456,7.2,19319,218,48,3765,2661,21.8,1845.6,15,2,0,4,10,3,0,0,0,0,14691,6.8,16658,193,47,-3765,-2661,19.3,1469.1
4512775669,0,13,2,1,5,2,5,1,1,0,0,15767,7.0,17413,224,52,384,-690,22.4,1576.7,16,3,0,2,5,3,1,0,1,0,15383,7.0,18103,250,48,-384,690,25.0,1538.3
4505100164,1,16,1,1,11,5,12,1,1,0,0,18890,7.2,19229,223,40,2708,682,22.3,1889.0,16,4,0,5,11,4,0,0,0,0,16182,7.2,18547,230,47,-2708,-682,23.0,1618.2
4439464616,0,15,4,1,4,8,3,0,0,0,0,14901,7.0,17696,209,42,-2427,-1462,20.9,1490.1,16,0,0,8,4,7,0,0,0,0,17328,7.2,19158,224,52,2427,1462,22.4,1732.8
4515793486,1,18,2,1,6,3,7,1,1,0,0,16785,7.4,19346,245,45,1901,684,24.5,1678.5,48,1,0,3,6,2,0,0,0,0,14884,7.0,18662,211,68,-1901,-684,21.1,1488.4
4505809782,1,37,0,0,10,5,15,1,1,0,0,18786,7.2,18509,235,60,2480,1699,23.5,1878.6,15,1,1,5,10,8,1,0,1,0,16306,6.8,16810,221,40,-2480,-1699,22.1,1630.6
4502875704,0,16,2,0,1,10,2,1,0,1,0,14727,6.6,16272,219,52,-3581,-2467,21.9,1472.7,14,6,1,10,1,15,1,1,0,0,18308,7.0,18739,248,31,3581,2467,24.8,1830.8
4475734964,1,35,4,1,10,5,14,2,1,1,0,18009,7.2,18763,200,55,2911,1378,20.0,1800.9,15,3,0,5,10,5,0,0,0,0,15098,6.8,17385,212,52,-2911,-1378,21.2,1509.8
4482233269,0,16,3,0,1,4,2,1,0,1,0,14526,6.8,17366,224,50,-1245,-1370,22.4,1452.6,16,4,1,4,1,4,1,1,0,0,15771,7.0,18736,241,53,1245,1370,24.1,1577.1
4511770317,0,15,2,0,8,6,8,1,1,0,0,16627,6.8,17397,212,50,166,-497,21.2,1662.7,14,0,1,6,8,6,1,0,1,0,16461,7.0,17894,209,53,-166,497,20.9,1646.1
4524067975,0,14,6,0,1,6,1,0,0,0,0,13075,6.4,15488,169,56,-6309,-3115,16.9,1307.5,19,1,1,6,1,5,0,0,0,1,19384,7.2,18603,270,48,6309,3115,27.0,1938.4
4474977192,0,16,1,0,5,11,4,0,0,0,0,16105,6.8,17502,214,35,-2047,-2555,21.4,1610.5,141,1,1,11,5,5,1,1,0,0,18152,7.6,20057,208,52,2047,2555,20.8,1815.2
4467242137,0,15,2,1,3,4,6,0,0,0,0,14782,6.8,16677,213,49,-1464,-1509,21.3,1478.2,19,1,0,4,3,4,1,1,0,0,16246,7.0,18186,238,56,1464,1509,23.8,1624.6
4521516098,1,13,3,1,5,3,4,2,1,1,0,15889,7.0,18189,217,52,874,-302,21.7,1588.9,39,2,0,3,5,4,0,0,0,0,15015,7.2,18491,215,52,-874,302,21.5,1501.5
4475861894,0,18,10,1,2,5,3,1,1,0,0,15158,6.8,17387,250,43,-627,183,25.0,1515.8,45,8,0,5,2,9,0,0,0,0,15785,6.8,17204,243,24,627,-183,24.3,1578.5
4473365528,0,16,3,0,3,3,4,0,0,0,0,15073,6.8,17578,227,54,-334,-292,22.7,1507.3,12,3,1,3,3,3,0,0,0,0,15407,6.8,17870,251,46,334,292,25.1,1540.7
4520554639,0,19,2,1,7,8,5,1,1,0,0,17125,7.2,18785,240,52,449,1210,24.0,1712.5,16,3,0,8,7,13,0,0,0,0,16676,7.0,17575,177,48,-449,-1210,17.7,1667.6
4519562141,0,17,4,0,6,9,6,0,0,0,0,16377,6.6,16818,209,49,-780,-73,20.9,1637.7,24,2,1,9,6,14,0,0,0,0,17157,6.6,16891,200,32,780,73,20.0,1715.7
4477654399,0,20,4,0,4,6,4,1,0,1,0,15888,7.4,18421,234,65,-205,1064,23.4,1588.8,18,2,1,6,4,7,0,0,0,0,16093,7.0,17357,217,32,205,-1064,21.7,1609.3
4524744736,0,16,4,0,2,3,3,0,0,0,0,14414,6.8,17356,226,60,-1731,-1585,22.6,1441.4,16,0,1,3,2,3,0,0,0,0,16145,7.0,18941,268,56,1731,1585,26.8,1614.5
4437489184,0,34,2,0,10,9,9,1,1,0,0,18329,7.0,18315,219,53,947,-188,21.9,1832.9,47,3,1,9,10,11,0,0,0,0,17382,7.2,18503,194,48,-947,188,19.4,1738.2
4516668528,0,16,3,1,6,7,10,0,0,0,0,16245,6.8,16720,215,34,-713,-1111,21.5,1624.5,18,3,0,7,6,5,1,1,0,0,16958,6.8,17831,207,47,713,1111,20.7,1695.8
4519159286,1,15,1,1,3,4,2,1,1,0,0,16120,6.8,17683,223,56,1171,-1140,22.3,1612.0,13,2,0,4,3,3,0,0,0,0,14949,7.2,18823,207,46,-1171,1140,20.7,1494.9
4519850833,0,10,1,1,5,7,8,0,0,0,0,15548,6.4,16604,191,52,-459,-307,19.1,1554.8,16,2,0,7,5,9,1,1,0,0,16007,6.8,16911,196,40,459,307,19.6,1600.7
4517486439,1,19,3,1,8,2,12,0,0,0,0,17432,7.2,18495,209,44,2673,1388,20.9,1743.2,11,2,0,2,8,4,1,1,0,0,14759,6.6,17107,216,64,-2673,-1388,21.6,1475.9
4524983213,1,18,4,1,9,7,10,1,1,0,0,16922,6.8,17350,207,36,-251,-1675,20.7,1692.2,15,3,0,7,9,3,0,0,0,0,17173,7.2,19025,221,48,251,1675,22.1,1717.3
4518971056,0,29,2,1,5,2,5,0,0,0,0,16142,7.2,18818,245,49,534,634,24.5,1614.2,15,4,0,2,5,2,2,1,1,0,15608,6.8,18184,277,58,-534,-634,27.7,1560.8
4519735486,0,14,3,0,2,8,2,1,1,0,0,14630,6.6,17694,211,60,-4005,-2248,21.1,1463.0,14,5,1,8,2,7,0,0,0,0,18635,7.4,19942,271,47,4005,2248,27.1,1863.5
4474578405,1,15,2,1,2,4,1,2,1,1,0,15131,7.0,18134,239,64,-318,86,23.9,1513.1,17,3,0,4,2,5,0,0,0,0,15449,6.8,18048,216,44,318,-86,21.6,1544.9
4495526731,0,12,2,1,8,5,7,1,0,1,0,17697,7.2,18512,203,59,2682,2118,20.3,1769.7,15,0,0,5,8,5,1,1,0,0,15015,6.6,16394,165,50,-2682,-2118,16.5,1501.5
4523588445,0,15,5,1,4,3,5,1,1,0,0,16116,7.0,17653,244,47,2092,1763,24.4,1611.6,13,2,0,3,4,2,0,0,0,0,14024,6.4,15890,191,48,-2092,-1763,19.1,1402.4
4496025643,1,18,1,0,10,7,9,0,0,0,0,18485,7.4,19949,228,52,2300,2148,22.8,1848.5,16,3,1,7,10,6,0,0,0,0,16185,7.2,17801,187,43,-2300,-2148,18.7,1618.5
4449279281,1,15,2,1,6,3,4,1,1,0,0,16980,7.0,18593,241,44,2642,1346,24.1,1698.0,16,3,0,3,6,5,0,0,0,0,14338,6.6,17247,188,54,-2642,-1346,18.8,1433.8
4524290588,1,14,2,1,5,4,6,0,0,0,0,17066,6.8,17494,236,46,2833,220,23.6,1706.6,12,0,0,4,5,2,1,1,0,0,14233,7.0,17274,172,67,-2833,-220,17.2,1423.3
4481379221,0,14,3,1,8,8,9,0,0,0,0,17202,6.6,17447,214,40,-336,-1059,21.4,1720.2,14,0,0,8,8,9,1,1,0,0,17538,7.0,18506,214,71,336,1059,21.4,1753.8
4497057886,0,15,2,0,1,8,2,1,1,0,0,14702,6.6,16461,214,55,-5136,-3713,21.4,1470.2,14,3,1,8,1,7,0,0,0,1,19838,7.6,20174,289,46,5136,3713,28.9,1983.8
4457248839,1,14,2,0,13,7,11,0,0,0,0,18692,7.4,19886,238,40,1872,3579,23.8,1869.2,13,2,1,7,13,11,0,0,0,0,16820,6.6,16307,215,36,-1872,-3579,21.5,1682.0
4462529490,0,16,4,0,11,13,13,1,1,0,0,18549,6.8,16837,182,56,-1048,-450,18.2,1854.9,15,4,1,13,11,17,1,0,1,1,19597,6.8,17287,201,40,1048,450,20.1,1959.7
4511728953,1,15,2,0,4,5,3,1,1,0,0,15859,7.2,18390,242,59,-88,-932,24.2,1585.9,41,2,1,5,4,10,0,0,0,0,15947,7.2,19322,222,61,88,932,22.2,1594.7
4455484063,1,15,2,0,4,9,5,0,0,0,0,16044,7.0,18226,224,56,-1427,-1008,22.4,1604.4,18,2,1,9,4,6,0,0,0,0,17471,7.2,19234,243,28,1427,1008,24.3,1747.1
4492027887,1,17,2,0,8,11,6,1,0,1,0,15941,6.8,16613,180,37,-2440,-1603,18.0,1594.1,14,5,1,11,8,15,0,0,0,0,18381,6.8,18216,219,40,2440,1603,21.9,1838.1
4500738441,0,23,2,1,5,9,4,0,0,0,0,15675,6.6,16844,229,39,-1614,-2256,22.9,1567.5,14,3,0,9,5,12,1,1,0,0,17289,7.2,19100,215,56,1614,2256,21.5,1728.9
4472130589,1,15,5,0,4,7,2,1,1,0,0,15682,6.8,17438,234,60,-1075,73,23.4,1568.2,19,2,1,7,4,6,0,0,0,0,16757,6.8,17365,213,51,1075,-73,21.3,1675.7
4509440283,1,56,2,1,7,8,7,2,1,1,0,15843,6.8,17154,190,44,-1799,-1304,19.0,1584.3,17,3,0,8,7,15,0,0,0,0,17642,6.8,18458,196,48,1799,1304,19.6,1764.2
4522207567,1,16,3,1,12,3,11,1,1,0,0,18248,7.4,19855,201,48,3296,3231,20.1,1824.8,12,0,0,3,12,3,0,0,0,0,14952,6.4,16624,201,47,-3296,-3231,20.1,1495.2
4492532758,1,13,4,0,4,7,3,0,0,0,0,15333,7.0,18073,201,68,-1942,57,20.1,1533.3,18,3,1,7,4,5,1,1,0,0,17275,6.8,18016,236,48,1942,-57,23.6,1727.5
4521901284,1,17,6,1,8,4,10,1,1,0,0,17496,7.2,18253,246,31,2013,247,24.6,1749.6,16,4,0,4,8,3,0,0,0,0,15483,7.0,18006,229,60,-2013,-247,22.9,1548.3
4524952365,1,14,6,1,12,8,15,2,1,1,0,19809,7.0,18530,221,52,3574,1210,22.1,1980.9,22,2,0,8,12,11,0,0,0,0,16235,6.8,17320,166,45,-3574,-1210,16.6,1623.5
4506175906,1,21,5,1,13,3,9,1,1,0,0,19329,7.0,19021,246,36,6000,5033,24.6,1932.9,36,3,0,3,13,5,1,0,1,0,13329,6.0,13988,142,56,-6000,-5033,14.2,1332.9
4462044332,0,22,3,0,5,9,2,0,0,0,1,15600,6.2,14986,193,36,-3128,-2320,19.3,1560.0,15,6,1,9,5,9,1,0,1,1,18728,6.8,17306,232,46,3128,2320,23.2,1872.8
4490186049,1,15,4,0,4,4,1,2,1,1,0,16292,7.2,18889,274,50,1229,1059,27.4,1629.2,18,2,1,4,4,2,0,0,0,0,15063,7.0,17830,220,50,-1229,-1059,22.0,1506.3
4484406104,0,22,6,1,5,10,6,1,0,1,0,17677,7.0,18225,269,51,1285,1300,26.9,1767.7,18,5,0,10,5,9,1,1,0,0,16392,6.6,16925,173,44,-1285,-1300,17.3,1639.2
4525016329,0,38,2,0,5,10,6,0,0,0,0,15141,6.8,17635,176,48,-3274,-1385,17.6,1514.1,12,15,1,10,5,8,1,1,0,0,18415,7.2,19020,238,36,3274,1385,23.8,1841.5
4500061522,0,15,4,0,5,8,1,0,0,0,0,14897,7.0,17306,212,47,-1770,325,21.2,1489.7,16,2,1,8,5,9,1,1,0,0,16667,6.8,16981,191,46,1770,-325,19.1,1666.7
4519405060,1,46,0,1,8,3,14,1,1,0,0,17520,7.0,18610,211,55,1892,890,21.1,1752.0,11,2,0,3,8,4,0,0,0,0,15628,6.8,17720,250,52,-1892,-890,25.0,1562.8
4489107680,0,17,3,1,8,7,9,0,0,0,0,17164,7.0,18932,222,55,525,902,22.2,1716.4,17,0,0,7,8,7,0,0,0,0,16639,6.8,18030,215,55,-525,-902,21.5,1663.9
4524853879,0,12,5,1,5,6,8,1,1,0,0,15999,6.6,17033,234,44,-415,-498,23.4,1599.9,16,1,0,6,5,8,0,0,0,0,16414,7.0,17531,226,48,415,498,22.6,1641.4
4519652445,1,10,2,0,2,6,1,0,0,0,0,14542,6.8,17517,234,48,-1751,-1585,23.4,1454.2,15,1,1,6,2,4,1,1,0,0,16293,7.0,19102,229,56,1751,1585,22.9,1629.3
4479492497,1,12,2,1,14,6,10,1,0,1,1,20225,6.6,17976,194,50,4453,2458,19.4,2022.5,17,2,0,6,14,6,1,1,0,0,15772,6.6,15518,189,40,-4453,-2458,18.9,1577.2
4477014254,0,17,2,1,11,6,10,1,1,0,0,18203,7.0,18175,199,56,1393,441,19.9,1820.3,29,4,0,6,11,2,0,0,0,0,16810,6.8,17734,224,52,-1393,-441,22.4,1681.0
4474899637,1,18,3,0,6,5,4,2,1,1,0,16787,7.2,18618,253,52,534,154,25.3,1678.7,17,3,1,5,6,10,0,0,0,0,16253,7.2,18464,197,75,-534,-154,19.7,1625.3
4448166002,0,19,3,1,2,11,2,0,0,0,0,14959,6.8,16588,226,54,-3301,-2246,22.6,1495.9,16,2,0,11,2,18,1,1,0,0,18260,7.4,18834,203,53,3301,2246,20.3,1826.0
4518035441,1,17,0,0,4,7,4,2,1,1,0,15132,6.8,16489,190,64,-2022,-2023,19.0,1513.2,14,2,1,7,4,7,0,0,0,0,17154,7.2,18512,242,44,2022,2023,24.2,1715.4
4524924561,0,14,2,0,3,6,4,0,0,0,0,16354,7.0,17848,252,46,176,-172,25.2,1635.4,51,3,1,6,3,7,1,1,0,0,16178,6.8,18020,202,55,-176,172,20.2,1617.8
4519402514,0,13,3,0,2,5,2,1,0,1,0,14652,6.8,17192,205,52,-458,-559,20.5,1465.2,14,0,1,5,2,3,1,1,0,0,15110,6.8,17751,210,52,458,559,21.0,1511.0
4439902649,0,30,13,1,4,2,7,0,0,0,0,15331,6.8,17540,182,61,676,-576,18.2,1533.1,64,4,0,2,4,1,1,1,0,0,14655,7.2,18116,216,54,-676,576,21.6,1465.5
4471437748,1,18,6,0,6,4,5,1,1,0,0,17002,7.2,18755,218,71,2536,3339,21.8,1700.2,14,3,1,4,6,0,1,0,1,0,14466,6.4,15416,210,35,-2536,-3339,21.0,1446.6
4452202569,1,53,4,0,7,11,10,0,0,0,0,16308,6.8,16771,189,44,-1751,-2784,18.9,1630.8,40,1,1,11,7,9,1,0,1,0,18059,7.4,19555,200,58,1751,2784,20.0,1805.9
4519983082,1,17,2,0,7,10,9,0,0,0,0,16282,6.8,16826,198,45,-1516,-1467,19.8,1628.2,16,4,1,10,7,10,2,1,1,0,17798,6.8,18293,201,47,1516,1467,20.1,1779.8
4514792667,0,14,2,1,3,7,3,0,0,0,0,14110,6.4,15832,162,48,-2566,-2246,16.2,1411.0,15,2,0,7,3,3,0,0,0,0,16676,6.8,18078,228,47,2566,2246,22.8,1667.6
4524404606,0,85,3,1,4,8,5,0,0,0,0,15426,7.0,17467,226,47,-2023,-2678,22.6,1542.6,16,2,0,8,4,4,1,1,0,0,17449,7.4,20145,251,60,2023,2678,25.1,1744.9
4517159658,0,14,2,0,5,6,4,1,0,1,0,15983,6.8,17562,222,51,-276,179,22.2,1598.3,16,3,1,6,5,8,0,0,0,0,16259,6.8,17383,189,48,276,-179,18.9,1625.9
4490111763,1,18,4,1,7,4,5,2,1,1,0,16801,7.2,18563,211,60,1574,1834,21.1,1680.1,12,1,0,4,7,3,0,0,0,0,15227,6.8,16729,200,43,-1574,-1834,20.0,1522.7
4511615760,1,22,2,0,6,3,10,0,0,0,0,17141,7.2,19142,232,54,2378,2190,23.2,1714.1,15,2,1,3,6,1,1,1,0,0,14763,6.8,16952,206,56,-2378,-2190,20.6,1476.3
4460035354,0,16,3,1,4,9,4,0,0,0,0,15122,7.0,17694,195,48,-3223,-2518,19.5,1512.2,12,2,0,9,4,10,2,1,1,0,18345,7.4,20212,235,68,3223,2518,23.5,1834.5
4524340253,0,16,3,0,5,5,7,0,0,0,0,16878,7.0,19372,238,63,808,1415,23.8,1687.8,38,5,1,5,5,8,1,1,0,0,16070,7.0,17957,214,56,-808,-1415,21.4,1607.0
4494288234,1,38,0,1,8,2,8,0,0,0,0,18274,7.0,18615,238,45,3803,2825,23.8,1827.4,15,0,0,2,8,6,0,0,0,0,14471,6.4,15790,201,51,-3803,-2825,20.1,1447.1
4503193235,0,17,5,0,2,8,3,0,0,0,0,14176,6.8,17054,194,48,-3360,-1842,19.4,1417.6,19,3,1,8,2,7,1,1,0,0,17536,7.2,18896,228,56,3360,1842,22.8,1753.6
4487544482,1,16,4,0,6,2,9,0,0,0,0,17549,7.2,19231,243,64,2397,1405,24.3,1754.9,21,3,1,2,6,1,1,0,1,0,15152,6.8,17826,248,44,-2397,-1405,24.8,1515.2
4522841712,0,18,2,1,5,8,7,0,0,0,0,16049,6.6,16758,217,51,-883,-1828,21.7,1604.9,14,7,0,8,5,9,0,0,0,0,16932,7.0,18586,187,43,883,1828,18.7,1693.2
4492447049,0,13,2,1,1,4,1,0,0,0,0,14017,6.4,15893,229,32,-2638,-2478,22.9,1401.7,39,3,0,4,1,5,2,1,1,0,16655,6.8,18371,231,56,2638,2478,23.1,1665.5
4515497599,1,17,4,1,14,3,16,0,0,0,0,20139,7.8,21898,218,56,5035,5420,21.8,2013.9,16,1,0,3,14,5,0,0,0,0,15104,6.6,16478,223,40,-5035,-5420,22.3,1510.4
4515307399,0,18,1,1,5,8,5,0,0,0,0,16659,7.0,17777,234,60,-1003,-899,23.4,1665.9,15,1,0,8,5,7,2,1,1,0,17662,7.0,18676,217,59,1003,899,21.7,1766.2
4520027205,0,15,0,1,5,8,4,0,0,0,0,15975,6.8,18165,227,56,-1963,-1151,22.7,1597.5,15,1,0,8,5,10,1,1,0,0,17938,7.2,19316,225,52,1963,1151,22.5,1793.8
4525124678,0,34,3,0,6,7,7,0,0,0,0,16728,7.2,18284,221,66,-1071,-1471,22.1,1672.8,14,4,1,7,6,8,1,1,0,0,17799,7.4,19755,248,55,1071,1471,24.8,1779.9
4506399392,1,18,4,1,6,5,9,0,0,0,0,16693,7.0,18761,227,57,897,1090,22.7,1669.3,16,4,0,5,6,7,0,0,0,0,15796,7.0,17671,237,36,-897,-1090,23.7,1579.6
4520037654,1,18,3,1,5,2,4,2,1,1,0,15925,6.8,17913,228,56,1946,1292,22.8,1592.5,20,0,0,2,5,2,0,0,0,0,13979,6.8,16621,213,46,-1946,-1292,21.3,1397.9
4513253618,0,20,0,0,8,8,5,1,0,1,0,16763,6.8,17433,193,54,-219,-1440,19.3,1676.3,15,2,1,8,8,6,1,1,0,0,16982,7.2,18873,183,58,219,1440,18.3,1698.2
4523092782,1,19,8,1,6,4,7,0,0,0,0,16852,6.8,18660,239,44,1588,1331,23.9,1685.2,16,3,0,4,6,7,0,0,0,0,15264,6.8,17329,213,54,-1588,-1331,21.3,1526.4
4510100587,0,14,1,0,2,6,3,0,0,0,0,14950,7.0,18134,234,42,-1889,-723,23.4,1495.0,14,1,1,6,2,6,1,1,0,0,16839,7.0,18857,229,49,1889,723,22.9,1683.9
4522265559,1,17,2,0,2,4,2,1,1,0,0,14863,6.8,17436,195,72,-720,432,19.5,1486.3,15,1,1,4,2,4,0,0,0,0,15583,6.8,17004,223,36,720,-432,22.3,1558.3
4502459201,0,15,1,1,3,12,2,0,0,0,0,15853,7.0,18223,220,68,-2388,-1978,22.0,1585.3,18,1,0,12,3,8,2,1,1,0,18241,7.6,20201,205,56,2388,1978,20.5,1824.1
4449297701,0,17,3,0,3,13,1,0,0,0,0,13428,6.0,14121,167,46,-5668,-4786,16.7,1342.8,17,5,1,13,3,10,1,1,0,0,19096,7.0,18907,218,44,5668,4786,21.8,1909.6
4524992548,1,18,1,0,7,8,8,1,1,0,0,17570,7.0,18283,238,58,527,1493,23.8,1757.0,16,2,1,8,7,11,0,0,0,0,17043,6.8,16790,176,48,-527,-1493,17.6,1704.3
4524182340,1,19,4,1,6,4,3,1,0,1,0,16561,7.0,17961,232,53,1496,-730,23.2,1656.1,55,6,0,4,6,4,1,1,0,0,15065,7.0,18691,191,55,-1496,730,19.1,1506.5
4522266897,0,18,3,0,8,14,4,0,0,0,0,15070,6.4,15375,142,40,-4245,-3073,14.2,1507.0,20,0,1,14,8,12,2,1,1,0,19315,7.0,18448,193,48,4245,3073,19.3,1931.5
4468741090,0,17,8,1,10,5,17,1,1,0,0,19190,7.2,18615,202,34,3386,2410,20.2,1919.0,18,3,0,5,10,8,1,0,1,0,15804,6.4,16205,224,48,-3386,-2410,22.4,1580.4
4519229802,0,21,5,0,3,8,1,0,0,0,0,14269,6.6,16844,200,48,-3145,-2166,20.0,1426.9,19,5,1,8,3,10,1,1,0,0,17414,7.2,19010,235,53,3145,2166,23.5,1741.4
4464483348,0,17,3,0,1,5,0,1,1,0,0,14916,6.8,17511,239,59,-1325,-15,23.9,1491.6,18,4,1,5,1,8,0,0,0,0,16241,6.8,17526,251,33,1325,15,25.1,1624.1
4501451685,1,14,4,0,5,8,7,2,1,1,0,16256,7.0,17637,231,56,-1623,-1144,23.1,1625.6,14,0,1,8,5,9,0,0,0,0,17879,7.0,18781,243,48,1623,1144,24.3,1787.9
4523922035,1,19,2,0,3,3,3,1,1,0,0,15231,7.0,17617,221,52,1076,759,22.1,1523.1,20,6,1,3,3,0,0,0,0,0,14155,6.8,16858,223,37,-1076,-759,22.3,1415.5
4481186047,1,19,2,0,7,10,9,1,1,0,0,16070,6.6,16577,173,36,-1156,-667,17.3,1607.0,16,4,1,10,7,6,0,0,0,0,17226,6.6,17244,211,42,1156,667,21.1,1722.6
4486987445,0,16,2,0,3,3,2,1,0,1,0,15416,6.8,17935,228,61,450,-9,22.8,1541.6,12,2,1,3,3,5,0,0,0,0,14966,6.8,17944,220,53,-450,9,22.0,1496.6
4509259241,1,10,1,1,7,5,4,1,0,1,2,19036,7.0,18857,246,47,4363,4467,24.6,1903.6,11,1,0,5,7,4,0,0,0,0,14673,5.8,14390,164,28,-4363,-4467,16.4,1467.3
4513456428,1,18,5,1,11,6,13,1,1,0,0,18214,7.2,19670,220,52,2262,2885,22.0,1821.4,18,4,0,6,11,6,0,0,0,0,15952,6.6,16785,228,34,-2262,-2885,22.8,1595.2
4507030336,0,20,2,1,6,9,7,0,0,0,0,17430,6.8,18068,212,63,-367,187,21.2,1743.0,15,3,0,9,6,9,0,0,0,0,17797,7.2,17881,205,60,367,-187,20.5,1779.7
4520529866,1,14,6,0,6,3,7,0,0,0,0,16590,7.2,19041,228,39,1214,2080,22.8,1659.0,16,1,1,3,6,2,1,1,0,0,15376,6.8,16961,224,66,-1214,-2080,22.4,1537.6
4525050175,1,15,2,1,4,1,6,1,1,0,0,15508,6.8,17062,217,48,1728,-337,21.7,1550.8,17,3,0,1,4,0,0,0,0,0,13780,6.8,17399,223,47,-1728,337,22.3,1378.0
4519754998,1,27,1,1,6,5,4,0,0,0,0,16789,7.0,19024,218,72,959,917,21.8,1678.9,17,3,0,5,6,5,1,1,0,0,15830,7.0,18107,213,52,-959,-917,21.3,1583.0
4439457123,1,76,2,1,5,5,6,1,0,1,0,16298,7.0,18210,230,60,924,323,23.0,1629.8,14,4,0,5,5,5,1,1,0,0,15374,6.8,17887,209,50,-924,-323,20.9,1537.4
4524643428,1,19,4,1,12,2,13,1,1,0,0,19320,7.4,20189,251,37,4544,3126,25.1,1932.0,17,4,0,2,12,2,0,0,0,0,14776,6.8,17063,206,52,-4544,-3126,20.6,1477.6
4521007618,0,13,2,0,4,11,4,2,1,1,0,14926,6.6,16530,210,45,-4847,-2983,21.0,1492.6,32,2,1,11,4,12,0,0,0,1,19773,7.4,19513,218,49,4847,2983,21.8,1977.3
4508648866,1,78,2,1,9,3,17,1,1,0,0,17496,7.4,18327,220,47,1849,669,22.0,1749.6,17,1,0,3,9,2,1,0,1,0,15647,6.8,17658,224,57,-1849,-669,22.4,1564.7
4481875944,1,14,2,0,7,11,7,0,0,0,0,15177,6.4,15795,152,36,-3891,-2689,15.2,1517.7,41,0,1,11,7,9,0,0,0,0,19068,7.2,18484,218,43,3891,2689,21.8,1906.8
4481977173,0,11,5,1,6,9,8,0,0,0,0,17025,7.0,18038,231,40,-1314,-1942,23.1,1702.5,17,2,0,9,6,9,1,1,0,0,18339,7.4,19980,232,57,1314,1942,23.2,1833.9
4524221277,1,16,0,1,9,5,14,0,0,0,0,18203,7.2,18324,223,48,2718,91,22.3,1820.3,45,2,0,5,9,5,0,0,0,0,15485,6.8,18233,216,48,-2718,-91,21.6,1548.5
4491767708,0,14,7,0,3,8,3,0,0,0,0,15160,7.0,17505,217,52,-2174,-1268,21.7,1516.0,13,3,1,8,3,12,2,1,1,0,17334,7.2,18773,227,64,2174,1268,22.7,1733.4
4513381950,1,15,11,1,4,1,2,1,1,0,0,15304,7.0,18188,228,48,1093,720,22.8,1530.4,46,1,0,1,4,1,0,0,0,0,14211,6.8,17468,215,56,-1093,-720,21.5,1421.1
4520706889,1,15,5,0,11,10,8,0,0,0,0,17503,6.8,17699,192,52,-215,-438,19.2,1750.3,52,4,1,10,11,13,0,0,0,0,17718,7.0,18137,210,42,215,438,21.0,1771.8
4510979839,1,16,2,1,7,6,10,1,0,1,0,16468,6.4,15869,226,33,635,-1157,22.6,1646.8,51,3,0,6,7,6,1,1,0,0,15833,6.8,17026,228,54,-635,1157,22.8,1583.3
4497747862,1,17,3,0,10,10,10,0,0,0,0,19035,7.2,18221,219,38,120,1209,21.9,1903.5,13,1,1,10,10,10,1,0,1,1,18915,6.6,17012,208,31,-120,-1209,20.8,1891.5
4499933829,1,19,4,0,10,9,11,1,1,0,0,18413,7.2,18554,219,60,194,661,21.9,1841.3,13,2,1,9,10,12,0,0,0,0,18219,6.8,17893,230,36,-194,-661,23.0,1821.9
4444218395,1,15,3,1,9,2,21,1,1,0,0,18470,7.2,18925,263,51,3581,1578,26.3,1847.0,17,1,0,2,9,1,0,0,0,0,14889,6.8,17347,238,52,-3581,-1578,23.8,1488.9
4524806566,0,15,2,0,6,13,9,0,0,0,0,16291,6.6,16699,191,38,-3622,-2561,19.1,1629.1,146,2,1,13,6,12,0,0,0,0,19913,7.0,19260,223,39,3622,2561,22.3,1991.3
4462632051,1,48,4,1,6,6,9,1,1,0,0,16301,6.8,17430,210,51,-303,312,21.0,1630.1,19,6,0,6,6,11,1,0,1,0,16604,6.8,17118,210,59,303,-312,21.0,1660.4
4522260081,0,14,1,0,9,8,7,1,1,0,0,17183,7.0,18225,196,60,-1295,-305,19.6,1718.3,18,1,1,8,9,10,0,0,0,0,18478,7.0,18530,247,56,1295,305,24.7,1847.8
4455390955,0,39,1,0,1,5,1,0,0,0,0,13361,6.8,16819,174,48,-3006,-1880,17.4,1336.1,15,0,1,5,1,4,2,1,1,0,16367,7.0,18699,219,48,3006,1880,21.9,1636.7
4517939505,1,38,5,1,2,1,4,1,0,1,0,14807,6.8,17246,214,56,1090,371,21.4,1480.7,16,2,0,1,2,1,1,1,0,0,13717,6.6,16875,197,52,-1090,-371,19.7,1371.7
4524528416,1,14,3,0,4,3,1,1,1,0,0,15195,7.0,18358,217,70,324,1794,21.7,1519.5,16,1,1,3,4,2,0,0,0,0,14871,6.4,16564,228,35,-324,-1794,22.8,1487.1
4525067296,1,12,0,1,3,7,2,0,0,0,0,14788,6.6,17345,215,48,-2025,-2448,21.5,1478.8,17,3,0,7,3,6,1,1,0,0,16813,7.2,19793,233,65,2025,2448,23.3,1681.3
4454069388,0,41,4,1,7,8,8,0,0,0,0,16604,6.6,17328,203,47,-416,-907,20.3,1660.4,17,6,0,8,7,11,1,1,0,0,17020,7.0,18235,201,55,416,907,20.1,1702.0
4503433498,0,12,15,1,4,4,2,1,0,1,0,15661,7.2,18861,232,51,62,1154,23.2,1566.1,40,1,0,4,4,5,1,1,0,0,15599,6.8,17707,202,66,-62,-1154,20.2,1559.9
4510734919,0,16,4,1,5,7,3,0,0,0,0,16259,6.6,17235,221,64,-67,-1341,22.1,1625.9,36,6,0,7,5,12,1,1,0,0,16326,7.2,18576,200,44,67,1341,20.0,1632.6
4464447310,1,20,3,0,11,4,13,1,1,0,0,19716,7.2,19989,234,52,5163,3968,23.4,1971.6,15,0,1,4,11,4,0,0,0,0,14553,6.4,16021,182,51,-5163,-3968,18.2,1455.3
4429977573,1,16,5,1,11,5,18,1,1,0,0,18612,7.2,19203,227,45,2728,1957,22.7,1861.2,14,1,0,5,11,6,0,0,0,0,15884,7.0,17246,225,48,-2728,-1957,22.5,1588.4
4522461341,0,15,13,0,3,9,1,1,1,0,0,14711,6.8,18284,204,52,-3559,-1400,20.4,1471.1,42,3,1,9,3,7,0,0,0,0,18270,7.2,19684,256,43,3559,1400,25.6,1827.0
4517741452,1,38,0,1,6,4,7,2,1,1,0,16886,6.8,18261,221,56,184,-131,22.1,1688.6,16,4,0,4,6,5,0,0,0,0,16702,7.0,18392,237,64,-184,131,23.7,1670.2
4500724758,0,17,3,1,4,7,4,1,1,0,0,14980,6.4,16983,206,39,-2040,-1012,20.6,1498.0,13,5,0,7,4,6,0,0,0,0,17020,7.0,17995,224,53,2040,1012,22.4,1702.0
4494319705,1,16,3,1,6,1,9,1,1,0,0,16544,6.8,17551,208,56,2151,726,20.8,1654.4,55,3,0,1,6,3,0,0,0,0,14393,6.6,16825,222,51,-2151,-726,22.2,1439.3
4444096628,0,32,2,0,10,12,9,0,0,0,0,16174,6.6,16725,149,39,-2452,-1634,14.9,1617.4,14,0,1,12,10,8,0,0,0,0,18626,7.0,18359,210,35,2452,1634,21.0,1862.6
4521510642,1,41,4,1,7,4,7,2,1,1,0,18047,7.2,19362,228,64,3255,2259,22.8,1804.7,18,5,0,4,7,3,0,0,0,0,14792,6.8,17103,197,52,-3255,-2259,19.7,1479.2
4412240530,1,34,2,1,9,3,6,0,0,0,0,17484,7.4,20325,230,50,1128,858,23.0,1748.4,15,3,0,3,9,2,1,1,0,0,16356,7.4,19467,226,80,-1128,-858,22.6,1635.6
4420941972,1,25,3,1,6,5,7,1,0,1,1,17826,7.4,19427,225,67,1909,979,22.5,1782.6,16,3,0,5,6,3,0,0,0,0,15917,7.0,18448,220,48,-1909,-979,22.0,1591.7
4514097912,1,18,2,0,10,6,9,0,0,0,0,18673,6.8,18121,223,38,3397,1493,22.3,1867.3,15,2,1,6,10,8,0,0,0,0,15276,6.6,16628,186,44,-3397,-1493,18.6,1527.6
4491135325,0,20,0,0,8,12,11,0,0,0,0,17540,7.0,17368,182,54,-3563,-1320,18.2,1754.0,16,1,1,12,8,22,1,1,0,0,21103,7.2,18688,198,74,3563,1320,19.8,2110.3
4488824515,0,16,3,1,7,9,4,1,1,0,0,16808,6.8,17370,231,38,-361,1686,23.1,1680.8,18,2,0,9,7,13,0,0,0,0,17169,6.4,15684,214,35,361,-1686,21.4,1716.9
4515453856,1,17,3,0,4,3,3,1,0,1,0,15227,7.0,18442,203,60,-513,992,20.3,1522.7,38,3,1,3,4,4,0,0,0,0,15740,7.0,17450,226,57,513,-992,22.6,1574.0
4420829528,1,20,7,0,11,4,12,0,0,0,0,19392,7.2,18570,239,48,4872,3076,23.9,1939.2,20,3,1,4,11,6,0,0,0,0,14520,6.2,15494,203,34,-4872,-3076,20.3,1452.0
4503381304,0,34,2,0,6,7,5,1,0,1,0,17194,7.2,18397,234,62,985,2102,23.4,1719.4,16,1,1,7,6,7,0,0,0,0,16209,6.4,16295,215,51,-985,-2102,21.5,1620.9
4515654011,1,16,2,1,4,8,3,1,1,0,0,15672,7.2,17821,238,47,-1599,-1870,23.8,1567.2,21,1,0,8,4,9,1,0,1,0,17271,7.4,19691,236,48,1599,1870,23.6,1727.1
4492894390,1,11,3,0,11,4,15,1,1,0,0,18565,7.4,19562,216,58,1719,1703,21.6,1856.5,11,2,1,4,11,5,0,0,0,0,16846,7.0,17859,242,57,-1719,-1703,24.2,1684.6
4472568378,0,15,3,0,1,6,0,0,0,0,0,13921,6.6,16963,207,56,-2641,-2207,20.7,1392.1,16,3,1,6,1,5,1,0,1,0,16562,7.0,19170,242,44,2641,2207,24.2,1656.2
4471422338,0,13,5,1,3,9,2,0,0,0,0,14521,6.6,16234,201,42,-2846,-2325,20.1,1452.1,17,1,0,9,3,11,2,1,1,0,17367,7.2,18559,229,48,2846,2325,22.9,1736.7
4525151632,0,15,2,0,3,10,1,0,0,0,0,15049,6.6,17888,209,56,-3891,-2276,20.9,1504.9,30,3,1,10,3,12,1,1,0,0,18940,7.4,20164,221,78,3891,2276,22.1,1894.0
4519414547,1,19,0,0,13,4,11,1,1,0,0,20127,7.0,19575,234,48,6202,5368,23.4,2012.7,16,1,1,4,13,5,0,0,0,0,13925,6.0,14207,175,28,-6202,-5368,17.5,1392.5
4440874432,1,15,2,0,3,2,5,0,0,0,0,17194,7.2,19539,253,68,2330,2167,25.3,1719.4,15,1,1,2,3,3,0,0,0,0,14864,6.8,17372,219,52,-2330,-2167,21.9,1486.4
4471153063,0,15,1,1,9,7,8,0,0,0,0,19122,7.2,19334,238,56,3089,1750,23.8,1912.2,12,1,0,7,9,10,0,0,0,0,16033,6.8,17584,169,52,-3089,-1750,16.9,1603.3
4522449120,1,40,3,0,7,6,7,0,0,0,0,16359,7.0,17998,198,41,540,867,19.8,1635.9,16,2,1,6,7,7,0,0,0,0,15819,6.6,17131,187,52,-540,-867,18.7,1581.9
4501354453,1,43,2,1,5,4,5,1,0,1,0,17027,6.8,17816,213,56,508,-1704,21.3,1702.7,14,2,0,4,5,4,1,1,0,0,16519,7.4,19520,231,75,-508,1704,23.1,1651.9
4465050280,0,143,5,1,10,7,10,1,1,0,0,17665,7.4,18125,213,37,625,-1035,21.3,1766.5,15,2,0,7,10,4,0,0,0,0,17040,7.2,19160,228,71,-625,1035,22.8,1704.0
4509589971,1,41,5,1,8,5,7,1,1,0,0,17209,7.2,18853,219,54,2481,1962,21.9,1720.9,18,3,0,5,8,3,0,0,0,0,14728,6.8,16891,195,46,-2481,-1962,19.5,1472.8
4505606908,1,12,3,1,10,5,9,1,1,0,0,19187,7.2,19762,211,64,2796,2669,21.1,1918.7,16,1,0,5,10,5,0,0,0,0,16391,6.6,17093,205,65,-2796,-2669,20.5,1639.1
4517684494,1,19,5,0,9,4,7,1,1,0,0,17482,7.2,19093,214,48,2089,2123,21.4,1748.2,16,1,1,4,9,4,0,0,0,0,15393,6.8,16970,222,43,-2089,-2123,22.2,1539.3
4516180818,1,20,1,1,5,6,6,1,1,0,0,16035,6.8,16853,190,63,-608,-703,19.0,1603.5,47,6,0,6,5,8,0,0,0,0,16643,6.8,17556,210,48,608,703,21.0,1664.3
4524074861,0,15,0,1,7,9,6,0,0,0,0,16070,6.6,16510,199,44,-1923,-1753,19.9,1607.0,17,1,0,9,7,11,0,0,0,0,17993,7.0,18263,211,60,1923,1753,21.1,1799.3
4524837884,0,11,1,0,5,5,5,0,0,0,0,15617,7.0,18169,209,48,-951,-546,20.9,1561.7,41,4,1,5,5,5,1,1,0,0,16568,7.2,18715,206,60,951,546,20.6,1656.8
4467397510,1,19,3,1,6,4,8,1,1,0,0,16130,6.8,17156,242,32,1428,701,24.2,1613.0,19,4,0,4,6,6,0,0,0,0,14702,6.6,16455,200,51,-1428,-701,20.0,1470.2
4498316560,0,17,2,1,8,5,9,1,1,0,0,17172,7.0,18972,196,60,1131,1145,19.6,1717.2,13,2,0,5,8,5,1,0,1,0,16041,6.8,17827,231,56,-1131,-1145,23.1,1604.1
4494819577,0,44,3,0,4,7,4,1,0,1,0,15475,6.6,16428,195,56,-1972,-1010,19.5,1547.5,16,2,1,7,4,15,0,0,0,0,17447,6.8,17438,230,43,1972,1010,23.0,1744.7
4454214561,0,11,1,1,7,9,6,0,0,0,0,16248,7.0,18067,171,63,-2242,-1819,17.1,1624.8,33,2,0,9,7,12,1,1,0,0,18490,7.2,19886,229,45,2242,1819,22.9,1849.0
4508718134,1,14,2,1,6,3,10,1,1,0,0,16745,6.6,17908,215,48,2287,-268,21.5,1674.5,14,1,0,3,6,3,1,0,1,0,14458,7.0,18176,180,68,-2287,268,18.0,1445.8
4518971206,0,20,3,0,7,4,8,0,0,0,0,16472,7.2,18966,219,53,1367,2396,21.9,1647.2,15,4,1,4,7,4,1,0,1,0,15105,6.6,16570,180,45,-1367,-2396,18.0,1510.5
4519649032,1,11,6,1,8,4,8,2,1,1,0,18133,7.4,20427,259,52,2580,2954,25.9,1813.3,16,2,0,4,8,4,0,0,0,0,15553,6.8,17473,214,52,-2580,-2954,21.4,1555.3
4487076086,0,97,3,0,11,7,20,1,1,0,0,17068,6.2,15357,153,32,786,-562,15.3,1706.8,16,2,1,7,11,8,0,0,0,0,16282,6.6,15919,199,40,-786,562,19.9,1628.2
4520419730,1,18,2,1,5,6,5,2,1,1,0,16635,7.4,19221,235,76,152,-57,23.5,1663.5,37,3,0,6,5,10,0,0,0,0,16483,7.4,19278,233,40,-152,57,23.3,1648.3
4510885108,1,19,4,1,8,4,9,0,0,0,0,17950,7.4,18805,226,44,2802,281,22.6,1795.0,44,1,0,4,8,3,1,1,0,0,15148,7.0,18524,213,56,-2802,-281,21.3,1514.8
4500739258,0,16,1,0,3,4,3,0,0,0,0,14494,6.4,15922,224,41,-1610,-1393,22.4,1449.4,15,3,1,4,3,2,1,1,0,0,16104,6.8,17315,239,53,1610,1393,23.9,1610.4
4524783374,1,33,2,0,14,10,9,0,0,0,0,18595,7.0,18307,199,48,1543,-21,19.9,1859.5,37,3,1,10,14,8,1,1,0,0,17052,7.0,18328,172,52,-1543,21,17.2,1705.2
4465119134,1,16,3,0,15,11,14,0,0,0,0,19767,6.6,17678,180,42,1915,2606,18.0,1976.7,15,3,1,11,15,11,0,0,0,0,17852,6.4,15072,176,41,-1915,-2606,17.6,1785.2
4515577349,1,19,6,0,4,3,7,1,1,0,0,14970,6.8,17530,212,52,-595,364,21.2,1497.0,19,2,1,3,4,1,0,0,0,0,15565,6.8,17166,238,51,595,-364,23.8,1556.5
4465188797,0,14,1,1,6,7,5,0,0,0,0,15891,7.0,17964,207,41,-1190,-911,20.7,1589.1,14,1,0,7,6,4,0,0,0,0,17081,7.0,18875,224,54,1190,911,22.4,1708.1
4523720024,1,16,0,1,5,1,3,1,0,1,0,16472,6.8,18393,252,48,1820,806,25.2,1647.2,17,4,0,1,5,2,1,1,0,0,14652,6.8,17587,239,60,-1820,-806,23.9,1465.2
4512168503,0,18,4,0,4,7,3,2,1,1,0,15210,6.8,17099,185,72,-2630,-2244,18.5,1521.0,19,4,1,7,4,6,0,0,0,0,17840,7.2,19343,222,71,2630,2244,22.2,1784.0
4441802146,1,21,3,0,8,8,9,0,0,0,0,16096,6.6,16891,175,36,-1327,-789,17.5,1609.6,24,9,1,8,8,9,1,1,0,0,17423,6.8,17680,198,56,1327,789,19.8,1742.3
4525106974,1,18,4,0,8,4,10,0,0,0,0,16870,7.2,18433,207,36,1417,1016,20.7,1687.0,16,1,1,4,8,3,1,0,1,0,15453,6.8,17417,221,48,-1417,-1016,22.1,1545.3
4519124601,0,17,3,1,4,4,3,1,1,0,0,15842,7.0,18640,240,60,71,409,24.0,1584.2,17,5,0,4,4,6,0,0,0,0,15771,7.0,18231,227,48,-71,-409,22.7,1577.1
4469638547,1,12,1,0,5,4,0,0,0,0,0,15297,7.0,18319,202,57,17,1052,20.2,1529.7,17,1,1,4,5,2,1,1,0,0,15280,6.6,17267,210,48,-17,-1052,21.0,1528.0
4520617571,0,15,3,1,8,7,8,2,1,1,0,16412,7.0,18381,212,44,151,840,21.2,1641.2,12,3,0,7,8,5,0,0,0,0,16261,7.0,17541,212,52,-151,-840,21.2,1626.1
4520513993,1,13,5,1,10,3,9,1,1,0,0,19013,7.4,20151,225,60,4817,3220,22.5,1901.3,14,4,0,3,10,3,1,0,1,0,14196,6.8,16931,184,48,-4817,-3220,18.4,1419.6
4446190086,0,18,1,0,4,9,5,0,0,0,0,14842,6.6,16718,203,44,-3400,-2763,20.3,1484.2,17,4,1,9,4,11,1,1,0,0,18242,7.2,19481,241,66,3400,2763,24.1,1824.2
4479055235,0,17,1,1,6,8,5,0,0,0,0,16684,6.8,17071,213,46,-944,-556,21.3,1668.4,34,3,0,8,6,15,1,1,0,0,17628,6.8,17627,187,54,944,556,18.7,1762.8
4525053035,0,16,0,0,4,8,6,1,1,0,0,15235,6.6,17625,195,49,-2839,18,19.5,1523.5,13,1,1,8,4,6,1,0,1,1,18074,7.0,17607,220,54,2839,-18,22.0,1807.4
4460529664,1,13,4,1,11,8,14,1,1,0,0,18159,6.8,17740,238,46,818,-165,23.8,1815.9,61,4,0,8,11,10,0,0,0,0,17341,6.8,17905,192,53,-818,165,19.2,1734.1
4489494920,0,13,0,0,2,9,4,0,0,0,0,13916,6.2,15087,166,49,-6286,-4733,16.6,1391.6,34,1,1,9,2,8,2,1,1,1,20202,7.6,19820,259,58,6286,4733,25.9,2020.2
4524863981,0,19,2,0,4,11,3,0,0,0,0,15107,6.6,16753,200,41,-3799,-3285,20.0,1510.7,10,4,1,11,4,10,1,1,0,0,18906,7.2,20038,226,45,3799,3285,22.6,1890.6
4508452416,1,18,5,0,8,2,4,2,1,1,1,18597,7.2,19612,243,52,4428,3489,24.3,1859.7,19,3,1,2,8,2,0,0,0,0,14169,6.6,16123,221,46,-4428,-3489,22.1,1416.9
4518173580,1,51,11,1,9,1,9,0,0,0,0,18640,7.4,20923,249,63,4388,3527,24.9,1864.0,18,5,0,1,9,1,1,1,0,0,14252,6.8,17396,221,64,-4388,-3527,22.1,1425.2
4497643645,0,14,4,0,4,8,5,1,1,0,0,15483,6.6,17110,213,47,-3045,-1634,21.3,1548.3,18,3,1,8,4,11,0,0,0,0,18528,7.2,18744,249,40,3045,1634,24.9,1852.8
4496490767,0,16,2,0,2,4,3,0,0,0,0,15242,7.0,18202,260,56,-1497,-778,26.0,1524.2,17,2,1,4,2,9,1,0,1,0,16739,7.2,18980,257,52,1497,778,25.7,1673.9
4521137660,0,51,2,0,3,4,5,1,1,0,0,14945,6.4,16491,215,50,-1696,-2153,21.5,1494.5,17,4,1,4,3,3,0,0,0,0,16641,7.0,18644,226,53,1696,2153,22.6,1664.1
4522864178,1,37,0,0,8,7,8,0,0,0,0,17197,6.8,16987,185,48,733,-1480,18.5,1719.7,12,4,1,7,8,4,1,0,1,0,16464,7.0,18467,245,40,-733,1480,24.5,1646.4
4418117776,1,16,6,1,9,10,11,1,1,0,0,17292,6.8,17127,200,50,-606,-1487,20.0,1729.2,17,2,0,10,9,10,0,0,0,0,17898,7.0,18614,197,50,606,1487,19.7,1789.8
4487261308,0,37,4,0,3,5,3,0,0,0,0,14822,7.0,18244,231,49,-2420,-753,23.1,1482.2,18,4,1,5,3,5,1,0,1,0,17242,7.0,18997,246,63,2420,753,24.6,1724.2
4472053682,0,12,4,0,3,8,2,0,0,0,0,15027,6.6,17054,211,56,-2037,110,21.1,1502.7,20,1,1,8,3,11,1,1,0,0,17064,6.6,16944,197,44,2037,-110,19.7,1706.4
4523322393,1,16,2,0,4,4,3,0,0,0,0,15502,6.6,17035,221,53,631,1404,22.1,1550.2,21,2,1,4,4,5,1,1,0,0,14871,6.4,15631,207,48,-631,-1404,20.7,1487.1
4450801674,0,14,4,0,7,7,6,1,0,1,0,16931,7.2,18446,209,52,-1570,-2103,20.9,1693.1,21,4,1,7,7,9,1,1,0,0,18501,7.6,20549,228,80,1570,2103,22.8,1850.1
4518527027,1,41,4,0,7,7,11,1,1,0,0,16787,7.2,18466,201,55,-471,870,20.1,1678.7,39,3,1,7,7,9,0,0,0,0,17258,6.6,17596,229,38,471,-870,22.9,1725.8
4515771570,1,15,1,0,3,4,4,0,0,0,0,15022,7.0,18105,220,48,-1211,-108,22.0,1502.2,17,1,1,4,3,5,0,0,0,0,16233,6.8,18213,216,67,1211,108,21.6,1623.3
4503520980,1,18,0,1,7,2,6,1,0,1,0,17365,7.2,19227,245,44,2740,1708,24.5,1736.5,15,2,0,2,7,4,1,1,0,0,14625,7.0,17519,213,66,-2740,-1708,21.3,1462.5
4525008225,1,16,14,0,6,4,7,1,0,1,0,17658,7.2,19584,241,58,1947,2521,24.1,1765.8,35,3,1,4,6,6,0,0,0,0,15711,6.8,17063,247,42,-1947,-2521,24.7,1571.1
4522447446,1,15,4,1,10,3,8,0,0,0,0,19549,7.4,20404,266,55,4712,3798,26.6,1954.9,28,2,0,3,10,1,0,0,0,0,14837,6.4,16606,203,56,-4712,-3798,20.3,1483.7
4500531155,0,35,6,1,5,4,6,1,1,0,0,16516,7.2,19033,224,52,1115,1256,22.4,1651.6,39,2,0,4,5,3,0,0,0,0,15401,7.2,17777,209,60,-1115,-1256,20.9,1540.1
4524832772,1,38,3,0,4,5,5,0,0,0,0,15177,6.8,18017,189,55,-833,-116,18.9,1517.7,16,2,1,5,4,5,0,0,0,0,16010,7.0,18133,252,32,833,116,25.2,1601.0
4521575223,1,146,1,0,11,7,9,0,0,0,0,18520,7.2,19054,220,48,564,633,22.0,1852.0,11,2,1,7,11,7,1,1,0,0,17956,6.8,18421,226,73,-564,-633,22.6,1795.6
4502356627,0,39,1,1,10,10,11,1,0,1,0,18600,7.2,19763,183,83,-589,1794,18.3,1860.0,13,3,0,10,10,8,0,0,0,1,19189,7.0,17969,223,51,589,-1794,22.3,1918.9
4502093881,1,17,6,1,9,4,8,0,0,0,0,18439,7.0,19278,249,38,3020,2593,24.9,1843.9,12,2,0,4,9,8,0,0,0,0,15419,6.6,16685,211,46,-3020,-2593,21.1,1541.9
4469976070,1,14,2,1,7,6,8,1,1,0,0,15632,6.2,15789,196,32,-1339,-2802,19.6,1563.2,17,2,0,6,7,8,1,0,1,0,16971,7.0,18591,216,67,1339,2802,21.6,1697.1
4515929996,0,22,1,1,10,4,17,1,1,0,0,17161,7.0,17817,157,48,1487,577,15.7,1716.1,17,2,0,4,10,3,1,0,1,0,15674,6.6,17240,203,68,-1487,-577,20.3,1567.4
4522286152,1,16,5,1,5,3,5,2,1,1,0,15263,7.0,17693,216,36,579,-37,21.6,1526.3,17,3,0,3,5,1,0,0,0,0,14684,7.0,17730,245,45,-579,37,24.5,1468.4
